2026-04-01 16:24:58,041 - __main__ - INFO - ============================================================
2026-04-01 16:24:58,041 - __main__ - INFO - Iniciando TECH SYSTEMS ERP v2.0.0
2026-04-01 16:24:58,041 - __main__ - INFO - Compañia: Tech Systems Solutions
2026-04-01 16:24:58,042 - __main__ - INFO - ============================================================
2026-04-01 16:24:58,207 - __main__ - INFO - Iniciando aplicacion ERP...
2026-04-01 16:24:58,302 - __main__ - INFO - Pantalla de login mostrada
2026-04-01 16:24:58,303 - __main__ - INFO - Aplicacion inicializada correctamente
2026-04-01 16:25:02,872 - __main__ - INFO - Aplicacion cerrada por el usuario
2026-04-01 16:25:11,373 - __main__ - INFO - ============================================================
2026-04-01 16:25:11,373 - __main__ - INFO - Iniciando TECH SYSTEMS ERP v2.0.0
2026-04-01 16:25:11,373 - __main__ - INFO - Compañia: Tech Systems Solutions
2026-04-01 16:25:11,374 - __main__ - INFO - ============================================================
2026-04-01 16:25:11,506 - __main__ - INFO - Iniciando aplicacion ERP...
2026-04-01 16:25:11,593 - __main__ - INFO - Pantalla de login mostrada
2026-04-01 16:25:11,593 - __main__ - INFO - Aplicacion inicializada correctamente
2026-04-01 16:25:23,219 - __main__ - INFO - Intento de autenticacion para usuario: admin
2026-04-01 16:25:23,429 - __main__ - INFO - Usuario autenticado: admin (Rol: Administrador)
2026-04-01 16:25:23,447 - __main__ - INFO - Mostrando interfaz principal
2026-04-01 16:25:23,555 - matplotlib.category - INFO - Using categorical units to plot a list of strings that are all parsable as floats or dates. If these strings should be plotted as numbers, cast to the appropriate data type before plotting.
2026-04-01 16:25:23,556 - matplotlib.category - INFO - Using categorical units to plot a list of strings that are all parsable as floats or dates. If these strings should be plotted as numbers, cast to the appropriate data type before plotting.
2026-04-01 16:25:42,147 - __main__ - INFO - Usuario Administrador cerro sesion
2026-04-01 16:25:42,342 - __main__ - INFO - Pantalla de login mostrada
2026-04-01 16:25:46,645 - __main__ - INFO - Intento de autenticacion para usuario: admin
2026-04-01 16:25:46,855 - __main__ - INFO - Usuario autenticado: admin (Rol: Administrador)
2026-04-01 16:25:46,867 - __main__ - INFO - Mostrando interfaz principal
2026-04-01 16:25:46,959 - matplotlib.category - INFO - Using categorical units to plot a list of strings that are all parsable as floats or dates. If these strings should be plotted as numbers, cast to the appropriate data type before plotting.
2026-04-01 16:25:46,960 - matplotlib.category - INFO - Using categorical units to plot a list of strings that are all parsable as floats or dates. If these strings should be plotted as numbers, cast to the appropriate data type before plotting.
2026-04-01 16:25:52,128 - __main__ - INFO - Usuario Administrador cerro sesion
2026-04-01 16:25:52,401 - __main__ - INFO - Pantalla de login mostrada
2026-04-01 16:25:57,811 - __main__ - INFO - Intento de autenticacion para usuario: admin
2026-04-01 16:25:58,017 - __main__ - INFO - Usuario autenticado: admin (Rol: Administrador)
2026-04-01 16:25:58,053 - __main__ - INFO - Mostrando interfaz principal
2026-04-01 16:25:58,158 - matplotlib.category - INFO - Using categorical units to plot a list of strings that are all parsable as floats or dates. If these strings should be plotted as numbers, cast to the appropriate data type before plotting.
2026-04-01 16:25:58,159 - matplotlib.category - INFO - Using categorical units to plot a list of strings that are all parsable as floats or dates. If these strings should be plotted as numbers, cast to the appropriate data type before plotting.
2026-04-01 16:27:53,072 - __main__ - INFO - Aplicacion cerrada por el usuario
2026-04-01 16:27:53,073 - __main__ - INFO - Duracion de sesion: 0:02:41.549262
2026-04-01 16:32:27,968 - __main__ - INFO - ============================================================
2026-04-01 16:32:27,969 - __main__ - INFO - Iniciando TECH SYSTEMS ERP v2.0.0
2026-04-01 16:32:27,969 - __main__ - INFO - Compañia: Tech Systems Solutions
2026-04-01 16:32:27,969 - __main__ - INFO - ============================================================
2026-04-01 16:32:28,166 - __main__ - INFO - Iniciando aplicacion ERP...
2026-04-01 16:32:28,243 - __main__ - INFO - Pantalla de login mostrada
2026-04-01 16:32:28,243 - __main__ - INFO - Aplicacion inicializada correctamente
2026-04-01 16:32:32,432 - __main__ - INFO - Intento de autenticacion para usuario: admin
2026-04-01 16:32:32,660 - __main__ - INFO - Usuario autenticado: admin (Rol: Administrador)
2026-04-01 16:32:32,684 - __main__ - INFO - Mostrando interfaz principal
2026-04-01 16:32:32,807 - matplotlib.category - INFO - Using categorical units to plot a list of strings that are all parsable as floats or dates. If these strings should be plotted as numbers, cast to the appropriate data type before plotting.
2026-04-01 16:32:32,808 - matplotlib.category - INFO - Using categorical units to plot a list of strings that are all parsable as floats or dates. If these strings should be plotted as numbers, cast to the appropriate data type before plotting.
2026-04-01 16:32:53,386 - __main__ - INFO - Usuario Administrador cerro sesion
2026-04-01 16:32:53,767 - __main__ - INFO - Pantalla de login mostrada
2026-04-01 16:33:03,076 - __main__ - INFO - Intento de autenticacion para usuario: admin
2026-04-01 16:33:03,288 - __main__ - INFO - Usuario autenticado: admin (Rol: Administrador)
2026-04-01 16:33:03,304 - __main__ - INFO - Mostrando interfaz principal
2026-04-01 16:33:03,397 - matplotlib.category - INFO - Using categorical units to plot a list of strings that are all parsable as floats or dates. If these strings should be plotted as numbers, cast to the appropriate data type before plotting.
2026-04-01 16:33:03,397 - matplotlib.category - INFO - Using categorical units to plot a list of strings that are all parsable as floats or dates. If these strings should be plotted as numbers, cast to the appropriate data type before plotting.
2026-04-01 16:33:26,465 - __main__ - INFO - Usuario Administrador cerro sesion
2026-04-01 16:33:26,780 - __main__ - INFO - Pantalla de login mostrada
2026-04-01 16:33:30,689 - __main__ - INFO - Intento de autenticacion para usuario: admin
2026-04-01 16:33:30,908 - __main__ - INFO - Usuario autenticado: admin (Rol: Administrador)
2026-04-01 16:33:30,929 - __main__ - INFO - Mostrando interfaz principal
2026-04-01 16:33:31,026 - matplotlib.category - INFO - Using categorical units to plot a list of strings that are all parsable as floats or dates. If these strings should be plotted as numbers, cast to the appropriate data type before plotting.
2026-04-01 16:33:31,027 - matplotlib.category - INFO - Using categorical units to plot a list of strings that are all parsable as floats or dates. If these strings should be plotted as numbers, cast to the appropriate data type before plotting.
2026-04-01 16:33:38,455 - __main__ - INFO - Usuario Administrador cerro sesion
2026-04-01 16:33:38,744 - __main__ - INFO - Pantalla de login mostrada
2026-04-01 16:33:42,814 - __main__ - INFO - Intento de autenticacion para usuario: admin
2026-04-01 16:33:43,025 - __main__ - INFO - Usuario autenticado: admin (Rol: Administrador)
2026-04-01 16:33:43,046 - __main__ - INFO - Mostrando interfaz principal
2026-04-01 16:33:43,147 - matplotlib.category - INFO - Using categorical units to plot a list of strings that are all parsable as floats or dates. If these strings should be plotted as numbers, cast to the appropriate data type before plotting.
2026-04-01 16:33:43,148 - matplotlib.category - INFO - Using categorical units to plot a list of strings that are all parsable as floats or dates. If these strings should be plotted as numbers, cast to the appropriate data type before plotting.
2026-04-01 16:39:40,056 - __main__ - CRITICAL - Excepcion no manejada:
Traceback (most recent call last):
  File "c:\Users\Jota Daniel\Documents\ERP-Facturacion\main.py", line 627, in <module>
    main()
    ~~~~^^
  File "c:\Users\Jota Daniel\Documents\ERP-Facturacion\main.py", line 613, in main
    app.mainloop()
    ~~~~~~~~~~~~^^
  File "C:\Users\Jota Daniel\AppData\Local\Programs\Python\Python313\Lib\tkinter\__init__.py", line 1599, in mainloop
    self.tk.mainloop(n)
    ~~~~~~~~~~~~~~~~^^^
  File "C:\Users\Jota Daniel\AppData\Local\Programs\Python\Python313\Lib\tkinter\__init__.py", line 2074, in __call__
    def __call__(self, *args):
    
KeyboardInterrupt

2026-04-01 16:56:24,834 - __main__ - INFO - ============================================================
2026-04-01 16:56:24,834 - __main__ - INFO - Iniciando TECH SYSTEMS ERP v2.0.0
2026-04-01 16:56:24,835 - __main__ - INFO - Compañia: Tech Systems Solutions
2026-04-01 16:56:24,835 - __main__ - INFO - ============================================================
2026-04-01 16:56:24,980 - __main__ - INFO - Iniciando aplicacion ERP...
2026-04-01 16:56:25,089 - __main__ - INFO - Pantalla de login mostrada
2026-04-01 16:56:25,090 - __main__ - INFO - Aplicacion inicializada correctamente
2026-04-01 16:56:30,479 - __main__ - INFO - Intento de autenticacion para usuario: admin
2026-04-01 16:56:30,695 - __main__ - INFO - Usuario autenticado: admin (Rol: Administrador)
2026-04-01 16:56:30,716 - __main__ - INFO - Mostrando interfaz principal
2026-04-01 16:56:30,826 - matplotlib.category - INFO - Using categorical units to plot a list of strings that are all parsable as floats or dates. If these strings should be plotted as numbers, cast to the appropriate data type before plotting.
2026-04-01 16:56:30,828 - matplotlib.category - INFO - Using categorical units to plot a list of strings that are all parsable as floats or dates. If these strings should be plotted as numbers, cast to the appropriate data type before plotting.
2026-04-01 17:02:36,534 - __main__ - INFO - Aplicacion cerrada por el usuario
2026-04-01 17:02:36,537 - __main__ - INFO - Duracion de sesion: 0:06:11.535823
2026-04-01 17:07:54,086 - __main__ - INFO - ============================================================
2026-04-01 17:07:54,086 - __main__ - INFO - Iniciando TECH SYSTEMS ERP v2.0.0
2026-04-01 17:07:54,086 - __main__ - INFO - Compañia: Tech Systems Solutions
2026-04-01 17:07:54,086 - __main__ - INFO - ============================================================
2026-04-01 17:07:54,261 - __main__ - INFO - Iniciando aplicacion ERP...
2026-04-01 17:07:54,390 - __main__ - INFO - Pantalla de login mostrada
2026-04-01 17:07:54,391 - __main__ - INFO - Aplicacion inicializada correctamente
2026-04-01 17:07:58,278 - __main__ - INFO - Intento de autenticacion para usuario: admin
2026-04-01 17:07:58,492 - __main__ - INFO - Usuario autenticado: admin (Rol: Administrador)
2026-04-01 17:07:58,531 - __main__ - INFO - Mostrando interfaz principal
2026-04-01 17:07:58,656 - matplotlib.category - INFO - Using categorical units to plot a list of strings that are all parsable as floats or dates. If these strings should be plotted as numbers, cast to the appropriate data type before plotting.
2026-04-01 17:07:58,658 - matplotlib.category - INFO - Using categorical units to plot a list of strings that are all parsable as floats or dates. If these strings should be plotted as numbers, cast to the appropriate data type before plotting.
2026-04-01 17:22:23,053 - __main__ - INFO - Aplicacion cerrada por el usuario
2026-04-01 17:22:23,054 - __main__ - INFO - Duracion de sesion: 0:14:28.763925
2026-04-01 17:22:37,392 - __main__ - INFO - ============================================================
2026-04-01 17:22:37,392 - __main__ - INFO - Iniciando TECH SYSTEMS ERP v2.0.0
2026-04-01 17:22:37,393 - __main__ - INFO - Compañia: Tech Systems Solutions
2026-04-01 17:22:37,393 - __main__ - INFO - ============================================================
2026-04-01 17:22:37,578 - __main__ - INFO - Iniciando aplicacion ERP...
2026-04-01 17:22:37,681 - __main__ - INFO - Pantalla de login mostrada
2026-04-01 17:22:37,681 - __main__ - INFO - Aplicacion inicializada correctamente
2026-04-01 17:22:41,216 - __main__ - INFO - Intento de autenticacion para usuario: admin
2026-04-01 17:22:41,487 - __main__ - INFO - Usuario autenticado: admin (Rol: Administrador)
2026-04-01 17:22:41,514 - __main__ - INFO - Mostrando interfaz principal
2026-04-01 17:22:41,650 - matplotlib.category - INFO - Using categorical units to plot a list of strings that are all parsable as floats or dates. If these strings should be plotted as numbers, cast to the appropriate data type before plotting.
2026-04-01 17:22:41,651 - matplotlib.category - INFO - Using categorical units to plot a list of strings that are all parsable as floats or dates. If these strings should be plotted as numbers, cast to the appropriate data type before plotting.
2026-04-01 17:23:37,677 - __main__ - INFO - Usuario Administrador cerro sesion
2026-04-01 17:23:38,009 - __main__ - INFO - Pantalla de login mostrada
2026-04-01 17:23:41,434 - __main__ - INFO - Aplicacion cerrada por el usuario
2026-04-01 17:31:28,394 - __main__ - INFO - ============================================================
2026-04-01 17:31:28,395 - __main__ - INFO - Iniciando TECH SYSTEMS ERP v2.0.0
2026-04-01 17:31:28,395 - __main__ - INFO - Compañia: Tech Systems Solutions
2026-04-01 17:31:28,395 - __main__ - INFO - ============================================================
2026-04-01 17:31:28,529 - __main__ - INFO - Iniciando aplicacion ERP...
2026-04-01 17:31:28,613 - __main__ - INFO - Pantalla de login mostrada
2026-04-01 17:31:28,614 - __main__ - INFO - Aplicacion inicializada correctamente
2026-04-01 17:31:32,869 - __main__ - INFO - Intento de autenticacion para usuario: admin
2026-04-01 17:31:33,064 - __main__ - INFO - Usuario autenticado: admin (Rol: Administrador)
2026-04-01 17:31:33,086 - __main__ - INFO - Mostrando interfaz principal
2026-04-01 17:31:33,190 - matplotlib.category - INFO - Using categorical units to plot a list of strings that are all parsable as floats or dates. If these strings should be plotted as numbers, cast to the appropriate data type before plotting.
2026-04-01 17:31:33,191 - matplotlib.category - INFO - Using categorical units to plot a list of strings that are all parsable as floats or dates. If these strings should be plotted as numbers, cast to the appropriate data type before plotting.
2026-04-01 17:34:09,393 - __main__ - INFO - Aplicacion cerrada por el usuario
2026-04-01 17:34:09,393 - __main__ - INFO - Duracion de sesion: 0:02:40.844628
2026-04-01 17:34:13,381 - __main__ - INFO - ============================================================
2026-04-01 17:34:13,381 - __main__ - INFO - Iniciando TECH SYSTEMS ERP v2.0.0
2026-04-01 17:34:13,382 - __main__ - INFO - Compañia: Tech Systems Solutions
2026-04-01 17:34:13,382 - __main__ - INFO - ============================================================
2026-04-01 17:34:13,535 - __main__ - INFO - Iniciando aplicacion ERP...
2026-04-01 17:34:13,620 - __main__ - INFO - Pantalla de login mostrada
2026-04-01 17:34:13,621 - __main__ - INFO - Aplicacion inicializada correctamente
2026-04-01 17:34:17,585 - __main__ - INFO - Intento de autenticacion para usuario: admin
2026-04-01 17:34:17,784 - __main__ - INFO - Usuario autenticado: admin (Rol: Administrador)
2026-04-01 17:34:17,803 - __main__ - INFO - Mostrando interfaz principal
2026-04-01 17:34:17,910 - matplotlib.category - INFO - Using categorical units to plot a list of strings that are all parsable as floats or dates. If these strings should be plotted as numbers, cast to the appropriate data type before plotting.
2026-04-01 17:34:17,912 - matplotlib.category - INFO - Using categorical units to plot a list of strings that are all parsable as floats or dates. If these strings should be plotted as numbers, cast to the appropriate data type before plotting.
2026-04-01 17:34:19,797 - __main__ - ERROR - Error al mostrar frame Configuración: 'ConfigFrame' object has no attribute 'create_taxonomy_tab'
2026-04-01 17:34:19,797 - __main__ - ERROR - Error en navegacion a Configuración: 'ConfigFrame' object has no attribute 'create_taxonomy_tab'
2026-04-01 17:34:31,579 - __main__ - INFO - Aplicacion cerrada por el usuario
2026-04-01 17:34:31,579 - __main__ - INFO - Duracion de sesion: 0:00:18.025552
2026-04-01 17:39:55,582 - __main__ - INFO - ============================================================
2026-04-01 17:39:55,583 - __main__ - INFO - Iniciando TECH SYSTEMS ERP v2.0.0
2026-04-01 17:39:55,583 - __main__ - INFO - Compañia: Tech Systems Solutions
2026-04-01 17:39:55,583 - __main__ - INFO - ============================================================
2026-04-01 17:39:55,733 - __main__ - INFO - Iniciando aplicacion ERP...
2026-04-01 17:39:55,838 - __main__ - INFO - Pantalla de login mostrada
2026-04-01 17:39:55,838 - __main__ - INFO - Aplicacion inicializada correctamente
2026-04-01 17:39:59,850 - __main__ - INFO - Intento de autenticacion para usuario: admin
2026-04-01 17:40:00,046 - __main__ - INFO - Usuario autenticado: admin (Rol: Administrador)
2026-04-01 17:40:00,065 - __main__ - INFO - Mostrando interfaz principal
2026-04-01 17:40:00,178 - matplotlib.category - INFO - Using categorical units to plot a list of strings that are all parsable as floats or dates. If these strings should be plotted as numbers, cast to the appropriate data type before plotting.
2026-04-01 17:40:00,179 - matplotlib.category - INFO - Using categorical units to plot a list of strings that are all parsable as floats or dates. If these strings should be plotted as numbers, cast to the appropriate data type before plotting.
2026-04-01 17:45:27,841 - __main__ - INFO - Usuario Administrador cerro sesion
2026-04-01 17:45:27,995 - __main__ - INFO - Pantalla de login mostrada
2026-04-01 17:45:31,522 - __main__ - INFO - Intento de autenticacion para usuario: admin
2026-04-01 17:45:31,737 - __main__ - INFO - Usuario autenticado: admin (Rol: Administrador)
2026-04-01 17:45:31,755 - __main__ - INFO - Mostrando interfaz principal
2026-04-01 17:45:31,853 - matplotlib.category - INFO - Using categorical units to plot a list of strings that are all parsable as floats or dates. If these strings should be plotted as numbers, cast to the appropriate data type before plotting.
2026-04-01 17:45:31,854 - matplotlib.category - INFO - Using categorical units to plot a list of strings that are all parsable as floats or dates. If these strings should be plotted as numbers, cast to the appropriate data type before plotting.
2026-04-01 17:45:50,431 - __main__ - INFO - Aplicacion cerrada por el usuario
2026-04-01 17:45:50,431 - __main__ - INFO - Duracion de sesion: 0:05:54.674159
2026-04-01 17:46:09,206 - __main__ - INFO - ============================================================
2026-04-01 17:46:09,207 - __main__ - INFO - Iniciando TECH SYSTEMS ERP v2.0.0
2026-04-01 17:46:09,207 - __main__ - INFO - Compañia: Tech Systems Solutions
2026-04-01 17:46:09,207 - __main__ - INFO - ============================================================
2026-04-01 17:46:09,352 - __main__ - INFO - Iniciando aplicacion ERP...
2026-04-01 17:46:09,430 - __main__ - INFO - Pantalla de login mostrada
2026-04-01 17:46:09,431 - __main__ - INFO - Aplicacion inicializada correctamente
2026-04-01 17:46:16,851 - __main__ - INFO - Intento de autenticacion para usuario: admin
2026-04-01 17:46:17,046 - __main__ - WARNING - Intento de autenticacion fallido para: admin
2026-04-01 17:46:20,015 - __main__ - INFO - Intento de autenticacion para usuario: admin
2026-04-01 17:46:20,210 - __main__ - INFO - Usuario autenticado: admin (Rol: Administrador)
2026-04-01 17:46:20,230 - __main__ - INFO - Mostrando interfaz principal
2026-04-01 17:46:20,336 - matplotlib.category - INFO - Using categorical units to plot a list of strings that are all parsable as floats or dates. If these strings should be plotted as numbers, cast to the appropriate data type before plotting.
2026-04-01 17:46:20,337 - matplotlib.category - INFO - Using categorical units to plot a list of strings that are all parsable as floats or dates. If these strings should be plotted as numbers, cast to the appropriate data type before plotting.
2026-04-01 17:48:29,300 - __main__ - INFO - Aplicacion cerrada por el usuario
2026-04-01 17:48:29,300 - __main__ - INFO - Duracion de sesion: 0:02:19.927585
2026-04-01 17:53:13,933 - __main__ - INFO - ============================================================
2026-04-01 17:53:13,934 - __main__ - INFO - Iniciando TECH SYSTEMS ERP v2.0.0
2026-04-01 17:53:13,934 - __main__ - INFO - Compañia: Tech Systems Solutions
2026-04-01 17:53:13,934 - __main__ - INFO - ============================================================
2026-04-01 17:53:14,086 - __main__ - INFO - Iniciando aplicacion ERP...
2026-04-01 17:53:14,171 - __main__ - INFO - Pantalla de login mostrada
2026-04-01 17:53:14,172 - __main__ - INFO - Aplicacion inicializada correctamente
2026-04-01 17:53:18,234 - __main__ - INFO - Intento de autenticacion para usuario: admin
2026-04-01 17:53:18,440 - __main__ - INFO - Usuario autenticado: admin (Rol: Administrador)
2026-04-01 17:53:18,456 - __main__ - INFO - Mostrando interfaz principal
2026-04-01 17:53:18,561 - matplotlib.category - INFO - Using categorical units to plot a list of strings that are all parsable as floats or dates. If these strings should be plotted as numbers, cast to the appropriate data type before plotting.
2026-04-01 17:53:18,562 - matplotlib.category - INFO - Using categorical units to plot a list of strings that are all parsable as floats or dates. If these strings should be plotted as numbers, cast to the appropriate data type before plotting.
2026-04-01 17:57:06,447 - __main__ - INFO - Aplicacion cerrada por el usuario
2026-04-01 17:57:06,447 - __main__ - INFO - Duracion de sesion: 0:03:52.338863
2026-04-01 18:03:27,320 - __main__ - INFO - ============================================================
2026-04-01 18:03:27,320 - __main__ - INFO - Iniciando TECH SYSTEMS ERP v2.0.0
2026-04-01 18:03:27,320 - __main__ - INFO - Compañia: Tech Systems Solutions
2026-04-01 18:03:27,321 - __main__ - INFO - ============================================================
2026-04-01 18:03:27,485 - __main__ - INFO - Iniciando aplicacion ERP...
2026-04-01 18:03:27,572 - __main__ - INFO - Pantalla de login mostrada
2026-04-01 18:03:27,573 - __main__ - INFO - Aplicacion inicializada correctamente
2026-04-01 18:03:32,702 - __main__ - INFO - Intento de autenticacion para usuario: admin
2026-04-01 18:03:32,899 - __main__ - INFO - Usuario autenticado: admin (Rol: Administrador)
2026-04-01 18:03:32,923 - __main__ - INFO - Mostrando interfaz principal
2026-04-01 18:03:33,026 - matplotlib.category - INFO - Using categorical units to plot a list of strings that are all parsable as floats or dates. If these strings should be plotted as numbers, cast to the appropriate data type before plotting.
2026-04-01 18:03:33,027 - matplotlib.category - INFO - Using categorical units to plot a list of strings that are all parsable as floats or dates. If these strings should be plotted as numbers, cast to the appropriate data type before plotting.
2026-04-01 18:08:16,759 - __main__ - INFO - Aplicacion cerrada por el usuario
2026-04-01 18:08:16,761 - __main__ - INFO - Duracion de sesion: 0:04:49.247510
2026-04-01 18:17:11,430 - __main__ - INFO - ============================================================
2026-04-01 18:17:11,430 - __main__ - INFO - Iniciando TECH SYSTEMS ERP v2.0.0
2026-04-01 18:17:11,430 - __main__ - INFO - Compañia: Tech Systems Solutions
2026-04-01 18:17:11,431 - __main__ - INFO - ============================================================
2026-04-01 18:17:11,599 - __main__ - INFO - Iniciando aplicacion ERP...
2026-04-01 18:17:11,703 - __main__ - INFO - Pantalla de login mostrada
2026-04-01 18:17:11,704 - __main__ - INFO - Aplicacion inicializada correctamente
2026-04-01 18:17:16,263 - __main__ - INFO - Intento de autenticacion para usuario: admin
2026-04-01 18:17:16,482 - __main__ - INFO - Usuario autenticado: admin (Rol: Administrador)
2026-04-01 18:17:16,499 - __main__ - INFO - Mostrando interfaz principal
2026-04-01 18:17:16,606 - matplotlib.category - INFO - Using categorical units to plot a list of strings that are all parsable as floats or dates. If these strings should be plotted as numbers, cast to the appropriate data type before plotting.
2026-04-01 18:17:16,607 - matplotlib.category - INFO - Using categorical units to plot a list of strings that are all parsable as floats or dates. If these strings should be plotted as numbers, cast to the appropriate data type before plotting.
2026-04-01 18:18:50,416 - __main__ - INFO - Aplicacion cerrada por el usuario
2026-04-01 18:18:50,416 - __main__ - INFO - Duracion de sesion: 0:01:38.796164
2026-04-01 18:19:19,507 - __main__ - INFO - ============================================================
2026-04-01 18:19:19,507 - __main__ - INFO - Iniciando TECH SYSTEMS ERP v2.0.0
2026-04-01 18:19:19,507 - __main__ - INFO - Compañia: Tech Systems Solutions
2026-04-01 18:19:19,508 - __main__ - INFO - ============================================================
2026-04-01 18:19:19,666 - __main__ - INFO - Iniciando aplicacion ERP...
2026-04-01 18:19:19,761 - __main__ - INFO - Pantalla de login mostrada
2026-04-01 18:19:19,761 - __main__ - INFO - Aplicacion inicializada correctamente
2026-04-01 18:19:23,193 - __main__ - INFO - Intento de autenticacion para usuario: admin
2026-04-01 18:19:23,393 - __main__ - INFO - Usuario autenticado: admin (Rol: Administrador)
2026-04-01 18:19:23,415 - __main__ - INFO - Mostrando interfaz principal
2026-04-01 18:19:23,524 - matplotlib.category - INFO - Using categorical units to plot a list of strings that are all parsable as floats or dates. If these strings should be plotted as numbers, cast to the appropriate data type before plotting.
2026-04-01 18:19:23,525 - matplotlib.category - INFO - Using categorical units to plot a list of strings that are all parsable as floats or dates. If these strings should be plotted as numbers, cast to the appropriate data type before plotting.
2026-04-01 18:19:32,564 - __main__ - INFO - Aplicacion cerrada por el usuario
2026-04-01 18:19:32,564 - __main__ - INFO - Duracion de sesion: 0:00:12.878031
2026-04-01 18:29:05,165 - __main__ - INFO - ============================================================
2026-04-01 18:29:05,166 - __main__ - INFO - Iniciando TECH SYSTEMS ERP v2.0.0
2026-04-01 18:29:05,166 - __main__ - INFO - Compañia: Tech Systems Solutions
2026-04-01 18:29:05,166 - __main__ - INFO - ============================================================
2026-04-01 18:29:05,484 - __main__ - INFO - Iniciando aplicacion ERP...
2026-04-01 18:29:05,662 - __main__ - INFO - Pantalla de login mostrada
2026-04-01 18:29:05,663 - __main__ - INFO - Aplicacion inicializada correctamente
2026-04-01 18:29:09,432 - __main__ - INFO - Intento de autenticacion para usuario: admin
2026-04-01 18:29:09,663 - __main__ - INFO - Usuario autenticado: admin (Rol: Administrador)
2026-04-01 18:29:09,679 - __main__ - INFO - Mostrando interfaz principal
2026-04-01 18:29:09,792 - matplotlib.category - INFO - Using categorical units to plot a list of strings that are all parsable as floats or dates. If these strings should be plotted as numbers, cast to the appropriate data type before plotting.
2026-04-01 18:29:09,792 - matplotlib.category - INFO - Using categorical units to plot a list of strings that are all parsable as floats or dates. If these strings should be plotted as numbers, cast to the appropriate data type before plotting.
2026-04-01 18:29:15,556 - matplotlib.category - INFO - Using categorical units to plot a list of strings that are all parsable as floats or dates. If these strings should be plotted as numbers, cast to the appropriate data type before plotting.
2026-04-01 18:29:15,557 - matplotlib.category - INFO - Using categorical units to plot a list of strings that are all parsable as floats or dates. If these strings should be plotted as numbers, cast to the appropriate data type before plotting.
2026-04-01 18:30:23,446 - matplotlib.category - INFO - Using categorical units to plot a list of strings that are all parsable as floats or dates. If these strings should be plotted as numbers, cast to the appropriate data type before plotting.
2026-04-01 18:30:23,447 - matplotlib.category - INFO - Using categorical units to plot a list of strings that are all parsable as floats or dates. If these strings should be plotted as numbers, cast to the appropriate data type before plotting.
2026-04-01 18:30:28,005 - __main__ - INFO - Aplicacion cerrada por el usuario
2026-04-01 18:30:28,006 - __main__ - INFO - Duracion de sesion: 0:01:22.481367
2026-04-01 18:36:23,737 - __main__ - INFO - ============================================================
2026-04-01 18:36:23,737 - __main__ - INFO - Iniciando TECH SYSTEMS ERP v2.0.0
2026-04-01 18:36:23,737 - __main__ - INFO - Compañia: Tech Systems Solutions
2026-04-01 18:36:23,737 - __main__ - INFO - ============================================================
2026-04-01 18:36:23,892 - __main__ - INFO - Iniciando aplicacion ERP...
2026-04-01 18:36:23,994 - __main__ - INFO - Pantalla de login mostrada
2026-04-01 18:36:23,994 - __main__ - INFO - Aplicacion inicializada correctamente
2026-04-01 18:36:27,480 - __main__ - INFO - Intento de autenticacion para usuario: admin
2026-04-01 18:36:27,679 - __main__ - INFO - Usuario autenticado: admin (Rol: Administrador)
2026-04-01 18:36:27,696 - __main__ - INFO - Mostrando interfaz principal
2026-04-01 18:36:27,797 - matplotlib.category - INFO - Using categorical units to plot a list of strings that are all parsable as floats or dates. If these strings should be plotted as numbers, cast to the appropriate data type before plotting.
2026-04-01 18:36:27,798 - matplotlib.category - INFO - Using categorical units to plot a list of strings that are all parsable as floats or dates. If these strings should be plotted as numbers, cast to the appropriate data type before plotting.
2026-04-01 18:37:13,279 - matplotlib.category - INFO - Using categorical units to plot a list of strings that are all parsable as floats or dates. If these strings should be plotted as numbers, cast to the appropriate data type before plotting.
2026-04-01 18:37:13,280 - matplotlib.category - INFO - Using categorical units to plot a list of strings that are all parsable as floats or dates. If these strings should be plotted as numbers, cast to the appropriate data type before plotting.
2026-04-01 18:38:01,651 - matplotlib.category - INFO - Using categorical units to plot a list of strings that are all parsable as floats or dates. If these strings should be plotted as numbers, cast to the appropriate data type before plotting.
2026-04-01 18:38:01,652 - matplotlib.category - INFO - Using categorical units to plot a list of strings that are all parsable as floats or dates. If these strings should be plotted as numbers, cast to the appropriate data type before plotting.
2026-04-01 18:38:07,057 - __main__ - INFO - Aplicacion cerrada por el usuario
2026-04-01 18:38:07,057 - __main__ - INFO - Duracion de sesion: 0:01:43.138899
2026-04-01 18:39:11,976 - __main__ - INFO - ============================================================
2026-04-01 18:39:11,976 - __main__ - INFO - Iniciando TECH SYSTEMS ERP v2.0.0
2026-04-01 18:39:11,976 - __main__ - INFO - Compañia: Tech Systems Solutions
2026-04-01 18:39:11,976 - __main__ - INFO - ============================================================
2026-04-01 18:39:12,122 - __main__ - INFO - Iniciando aplicacion ERP...
2026-04-01 18:39:12,203 - __main__ - INFO - Pantalla de login mostrada
2026-04-01 18:39:12,204 - __main__ - INFO - Aplicacion inicializada correctamente
2026-04-01 18:39:15,239 - __main__ - INFO - Intento de autenticacion para usuario: admin
2026-04-01 18:39:15,441 - __main__ - INFO - Usuario autenticado: admin (Rol: Administrador)
2026-04-01 18:39:15,458 - __main__ - INFO - Mostrando interfaz principal
2026-04-01 18:39:15,559 - matplotlib.category - INFO - Using categorical units to plot a list of strings that are all parsable as floats or dates. If these strings should be plotted as numbers, cast to the appropriate data type before plotting.
2026-04-01 18:39:15,560 - matplotlib.category - INFO - Using categorical units to plot a list of strings that are all parsable as floats or dates. If these strings should be plotted as numbers, cast to the appropriate data type before plotting.
2026-04-01 18:41:16,863 - matplotlib.category - INFO - Using categorical units to plot a list of strings that are all parsable as floats or dates. If these strings should be plotted as numbers, cast to the appropriate data type before plotting.
2026-04-01 18:41:16,864 - matplotlib.category - INFO - Using categorical units to plot a list of strings that are all parsable as floats or dates. If these strings should be plotted as numbers, cast to the appropriate data type before plotting.
2026-04-01 18:41:20,047 - __main__ - INFO - Aplicacion cerrada por el usuario
2026-04-01 18:41:20,047 - __main__ - INFO - Duracion de sesion: 0:02:07.906030
2026-04-01 18:49:50,135 - __main__ - INFO - ============================================================
2026-04-01 18:49:50,136 - __main__ - INFO - Iniciando TECH SYSTEMS ERP v2.0.0
2026-04-01 18:49:50,137 - __main__ - INFO - Compañia: Tech Systems Solutions
2026-04-01 18:49:50,137 - __main__ - INFO - ============================================================
2026-04-01 18:49:50,282 - __main__ - INFO - Iniciando aplicacion ERP...
2026-04-01 18:49:50,381 - __main__ - INFO - Pantalla de login mostrada
2026-04-01 18:49:50,381 - __main__ - INFO - Aplicacion inicializada correctamente
2026-04-01 18:49:55,224 - __main__ - INFO - Intento de autenticacion para usuario: admin
2026-04-01 18:49:55,423 - __main__ - INFO - Usuario autenticado: admin (Rol: Administrador)
2026-04-01 18:49:55,444 - __main__ - INFO - Mostrando interfaz principal
2026-04-01 18:49:55,550 - matplotlib.category - INFO - Using categorical units to plot a list of strings that are all parsable as floats or dates. If these strings should be plotted as numbers, cast to the appropriate data type before plotting.
2026-04-01 18:49:55,551 - matplotlib.category - INFO - Using categorical units to plot a list of strings that are all parsable as floats or dates. If these strings should be plotted as numbers, cast to the appropriate data type before plotting.
2026-04-01 18:50:54,715 - matplotlib.category - INFO - Using categorical units to plot a list of strings that are all parsable as floats or dates. If these strings should be plotted as numbers, cast to the appropriate data type before plotting.
2026-04-01 18:50:54,716 - matplotlib.category - INFO - Using categorical units to plot a list of strings that are all parsable as floats or dates. If these strings should be plotted as numbers, cast to the appropriate data type before plotting.
2026-04-01 18:53:32,020 - matplotlib.category - INFO - Using categorical units to plot a list of strings that are all parsable as floats or dates. If these strings should be plotted as numbers, cast to the appropriate data type before plotting.
2026-04-01 18:53:32,032 - matplotlib.category - INFO - Using categorical units to plot a list of strings that are all parsable as floats or dates. If these strings should be plotted as numbers, cast to the appropriate data type before plotting.
2026-04-01 18:53:35,560 - __main__ - INFO - Usuario Administrador cerro sesion
2026-04-01 18:53:35,717 - __main__ - INFO - Pantalla de login mostrada
2026-04-01 18:53:38,738 - __main__ - INFO - Aplicacion cerrada por el usuario
2026-04-01 18:58:00,588 - __main__ - INFO - ============================================================
2026-04-01 18:58:00,589 - __main__ - INFO - Iniciando TECH SYSTEMS ERP v2.0.0
2026-04-01 18:58:00,589 - __main__ - INFO - Compañia: Tech Systems Solutions
2026-04-01 18:58:00,589 - __main__ - INFO - ============================================================
2026-04-01 18:58:00,708 - __main__ - INFO - Iniciando aplicacion ERP...
2026-04-01 18:58:00,794 - __main__ - INFO - Pantalla de login mostrada
2026-04-01 18:58:00,795 - __main__ - INFO - Aplicacion inicializada correctamente
2026-04-01 18:58:04,993 - __main__ - INFO - Intento de autenticacion para usuario: admin
2026-04-01 18:58:05,187 - __main__ - INFO - Usuario autenticado: admin (Rol: Administrador)
2026-04-01 18:58:05,204 - __main__ - INFO - Mostrando interfaz principal
2026-04-01 18:58:05,334 - matplotlib.category - INFO - Using categorical units to plot a list of strings that are all parsable as floats or dates. If these strings should be plotted as numbers, cast to the appropriate data type before plotting.
2026-04-01 18:58:05,335 - matplotlib.category - INFO - Using categorical units to plot a list of strings that are all parsable as floats or dates. If these strings should be plotted as numbers, cast to the appropriate data type before plotting.
2026-04-01 18:59:50,007 - matplotlib.category - INFO - Using categorical units to plot a list of strings that are all parsable as floats or dates. If these strings should be plotted as numbers, cast to the appropriate data type before plotting.
2026-04-01 18:59:50,008 - matplotlib.category - INFO - Using categorical units to plot a list of strings that are all parsable as floats or dates. If these strings should be plotted as numbers, cast to the appropriate data type before plotting.
2026-04-01 18:59:53,412 - __main__ - INFO - Aplicacion cerrada por el usuario
2026-04-01 18:59:53,413 - __main__ - INFO - Duracion de sesion: 0:01:52.686010
2026-04-01 18:59:58,193 - __main__ - INFO - ============================================================
2026-04-01 18:59:58,194 - __main__ - INFO - Iniciando TECH SYSTEMS ERP v2.0.0
2026-04-01 18:59:58,195 - __main__ - INFO - Compañia: Tech Systems Solutions
2026-04-01 18:59:58,196 - __main__ - INFO - ============================================================
2026-04-01 18:59:58,351 - __main__ - INFO - Iniciando aplicacion ERP...
2026-04-01 18:59:58,433 - __main__ - INFO - Pantalla de login mostrada
2026-04-01 18:59:58,433 - __main__ - INFO - Aplicacion inicializada correctamente
2026-04-01 19:00:01,639 - __main__ - INFO - Intento de autenticacion para usuario: admin
2026-04-01 19:00:01,829 - __main__ - INFO - Usuario autenticado: admin (Rol: Administrador)
2026-04-01 19:00:01,846 - __main__ - INFO - Mostrando interfaz principal
2026-04-01 19:00:01,943 - matplotlib.category - INFO - Using categorical units to plot a list of strings that are all parsable as floats or dates. If these strings should be plotted as numbers, cast to the appropriate data type before plotting.
2026-04-01 19:00:01,944 - matplotlib.category - INFO - Using categorical units to plot a list of strings that are all parsable as floats or dates. If these strings should be plotted as numbers, cast to the appropriate data type before plotting.
2026-04-01 19:00:47,424 - __main__ - INFO - Aplicacion cerrada por el usuario
2026-04-01 19:00:47,428 - __main__ - INFO - Duracion de sesion: 0:00:49.055578
2026-04-01 19:01:32,692 - __main__ - INFO - ============================================================
2026-04-01 19:01:32,693 - __main__ - INFO - Iniciando TECH SYSTEMS ERP v2.0.0
2026-04-01 19:01:32,693 - __main__ - INFO - Compañia: Tech Systems Solutions
2026-04-01 19:01:32,693 - __main__ - INFO - ============================================================
2026-04-01 19:01:32,796 - __main__ - INFO - Iniciando aplicacion ERP...
2026-04-01 19:01:32,876 - __main__ - INFO - Pantalla de login mostrada
2026-04-01 19:01:32,877 - __main__ - INFO - Aplicacion inicializada correctamente
2026-04-01 19:01:36,194 - __main__ - INFO - Intento de autenticacion para usuario: admin
2026-04-01 19:01:36,386 - __main__ - INFO - Usuario autenticado: admin (Rol: Administrador)
2026-04-01 19:01:36,400 - __main__ - INFO - Mostrando interfaz principal
2026-04-01 19:01:36,497 - matplotlib.category - INFO - Using categorical units to plot a list of strings that are all parsable as floats or dates. If these strings should be plotted as numbers, cast to the appropriate data type before plotting.
2026-04-01 19:01:36,498 - matplotlib.category - INFO - Using categorical units to plot a list of strings that are all parsable as floats or dates. If these strings should be plotted as numbers, cast to the appropriate data type before plotting.
2026-04-01 19:01:51,939 - matplotlib.category - INFO - Using categorical units to plot a list of strings that are all parsable as floats or dates. If these strings should be plotted as numbers, cast to the appropriate data type before plotting.
2026-04-01 19:01:51,940 - matplotlib.category - INFO - Using categorical units to plot a list of strings that are all parsable as floats or dates. If these strings should be plotted as numbers, cast to the appropriate data type before plotting.
2026-04-01 19:01:54,332 - __main__ - INFO - Aplicacion cerrada por el usuario
2026-04-01 19:01:54,333 - __main__ - INFO - Duracion de sesion: 0:00:21.518534
2026-04-01 19:04:37,930 - __main__ - INFO - ============================================================
2026-04-01 19:04:37,931 - __main__ - INFO - Iniciando TECH SYSTEMS ERP v2.0.0
2026-04-01 19:04:37,931 - __main__ - INFO - Compañia: Tech Systems Solutions
2026-04-01 19:04:37,931 - __main__ - INFO - ============================================================
2026-04-01 19:04:38,068 - __main__ - INFO - Iniciando aplicacion ERP...
2026-04-01 19:04:38,172 - __main__ - INFO - Pantalla de login mostrada
2026-04-01 19:04:38,172 - __main__ - INFO - Aplicacion inicializada correctamente
2026-04-01 19:04:41,358 - __main__ - INFO - Intento de autenticacion para usuario: admin
2026-04-01 19:04:41,554 - __main__ - INFO - Usuario autenticado: admin (Rol: Administrador)
2026-04-01 19:04:41,573 - __main__ - INFO - Mostrando interfaz principal
2026-04-01 19:04:41,670 - matplotlib.category - INFO - Using categorical units to plot a list of strings that are all parsable as floats or dates. If these strings should be plotted as numbers, cast to the appropriate data type before plotting.
2026-04-01 19:04:41,672 - matplotlib.category - INFO - Using categorical units to plot a list of strings that are all parsable as floats or dates. If these strings should be plotted as numbers, cast to the appropriate data type before plotting.
2026-04-01 19:04:50,578 - matplotlib.category - INFO - Using categorical units to plot a list of strings that are all parsable as floats or dates. If these strings should be plotted as numbers, cast to the appropriate data type before plotting.
2026-04-01 19:04:50,579 - matplotlib.category - INFO - Using categorical units to plot a list of strings that are all parsable as floats or dates. If these strings should be plotted as numbers, cast to the appropriate data type before plotting.
2026-04-01 19:05:00,084 - __main__ - INFO - Aplicacion cerrada por el usuario
2026-04-01 19:05:00,084 - __main__ - INFO - Duracion de sesion: 0:00:21.995606
2026-04-01 19:06:03,708 - __main__ - INFO - ============================================================
2026-04-01 19:06:03,709 - __main__ - INFO - Iniciando TECH SYSTEMS ERP v2.0.0
2026-04-01 19:06:03,709 - __main__ - INFO - Compañia: Tech Systems Solutions
2026-04-01 19:06:03,709 - __main__ - INFO - ============================================================
2026-04-01 19:06:03,859 - __main__ - INFO - Iniciando aplicacion ERP...
2026-04-01 19:06:03,945 - __main__ - INFO - Pantalla de login mostrada
2026-04-01 19:06:03,945 - __main__ - INFO - Aplicacion inicializada correctamente
2026-04-01 19:06:07,101 - __main__ - INFO - Intento de autenticacion para usuario: admin
2026-04-01 19:06:07,293 - __main__ - INFO - Usuario autenticado: admin (Rol: Administrador)
2026-04-01 19:06:07,311 - __main__ - INFO - Mostrando interfaz principal
2026-04-01 19:06:07,412 - matplotlib.category - INFO - Using categorical units to plot a list of strings that are all parsable as floats or dates. If these strings should be plotted as numbers, cast to the appropriate data type before plotting.
2026-04-01 19:06:07,413 - matplotlib.category - INFO - Using categorical units to plot a list of strings that are all parsable as floats or dates. If these strings should be plotted as numbers, cast to the appropriate data type before plotting.
2026-04-01 19:06:15,323 - matplotlib.category - INFO - Using categorical units to plot a list of strings that are all parsable as floats or dates. If these strings should be plotted as numbers, cast to the appropriate data type before plotting.
2026-04-01 19:06:15,324 - matplotlib.category - INFO - Using categorical units to plot a list of strings that are all parsable as floats or dates. If these strings should be plotted as numbers, cast to the appropriate data type before plotting.
2026-04-01 19:06:17,551 - __main__ - INFO - Aplicacion cerrada por el usuario
2026-04-01 19:06:17,551 - __main__ - INFO - Duracion de sesion: 0:00:13.672190
2026-04-01 19:12:28,442 - __main__ - INFO - ============================================================
2026-04-01 19:12:28,449 - __main__ - INFO - Iniciando TECH SYSTEMS ERP v2.0.0
2026-04-01 19:12:28,453 - __main__ - INFO - Compañia: Tech Systems Solutions
2026-04-01 19:12:28,455 - __main__ - INFO - ============================================================
2026-04-01 19:12:28,869 - __main__ - INFO - Iniciando aplicacion ERP...
2026-04-01 19:12:29,115 - __main__ - INFO - Pantalla de login mostrada
2026-04-01 19:12:29,118 - __main__ - INFO - Aplicacion inicializada correctamente
2026-04-01 19:12:32,627 - __main__ - INFO - Intento de autenticacion para usuario: admin
2026-04-01 19:12:32,860 - __main__ - INFO - Usuario autenticado: admin (Rol: Administrador)
2026-04-01 19:12:32,880 - __main__ - INFO - Mostrando interfaz principal
2026-04-01 19:12:32,981 - matplotlib.category - INFO - Using categorical units to plot a list of strings that are all parsable as floats or dates. If these strings should be plotted as numbers, cast to the appropriate data type before plotting.
2026-04-01 19:12:32,982 - matplotlib.category - INFO - Using categorical units to plot a list of strings that are all parsable as floats or dates. If these strings should be plotted as numbers, cast to the appropriate data type before plotting.
2026-04-01 19:16:13,230 - __main__ - INFO - Aplicacion cerrada por el usuario
2026-04-01 19:16:13,230 - __main__ - INFO - Duracion de sesion: 0:03:44.286438
2026-04-01 19:23:29,664 - __main__ - INFO - ============================================================
2026-04-01 19:23:29,665 - __main__ - INFO - Iniciando TECH SYSTEMS ERP v2.0.0
2026-04-01 19:23:29,665 - __main__ - INFO - Compañia: Tech Systems Solutions
2026-04-01 19:23:29,665 - __main__ - INFO - ============================================================
2026-04-01 19:23:29,841 - __main__ - INFO - Iniciando aplicacion ERP...
2026-04-01 19:23:29,964 - __main__ - INFO - Pantalla de login mostrada
2026-04-01 19:23:29,965 - __main__ - INFO - Aplicacion inicializada correctamente
2026-04-01 19:23:33,143 - __main__ - INFO - Intento de autenticacion para usuario: admin
2026-04-01 19:23:33,370 - __main__ - INFO - Usuario autenticado: admin (Rol: Administrador)
2026-04-01 19:23:33,388 - __main__ - INFO - Mostrando interfaz principal
2026-04-01 19:23:33,485 - matplotlib.category - INFO - Using categorical units to plot a list of strings that are all parsable as floats or dates. If these strings should be plotted as numbers, cast to the appropriate data type before plotting.
2026-04-01 19:23:33,487 - matplotlib.category - INFO - Using categorical units to plot a list of strings that are all parsable as floats or dates. If these strings should be plotted as numbers, cast to the appropriate data type before plotting.
2026-04-01 19:25:00,375 - matplotlib.category - INFO - Using categorical units to plot a list of strings that are all parsable as floats or dates. If these strings should be plotted as numbers, cast to the appropriate data type before plotting.
2026-04-01 19:25:00,376 - matplotlib.category - INFO - Using categorical units to plot a list of strings that are all parsable as floats or dates. If these strings should be plotted as numbers, cast to the appropriate data type before plotting.
2026-04-01 21:04:21,874 - __main__ - INFO - Aplicacion cerrada por el usuario
2026-04-01 21:04:21,877 - __main__ - INFO - Duracion de sesion: 1:40:52.009494
2026-04-01 21:09:47,904 - __main__ - INFO - ============================================================
2026-04-01 21:09:47,904 - __main__ - INFO - Iniciando TECH SYSTEMS ERP v2.0.0
2026-04-01 21:09:47,905 - __main__ - INFO - Compañia: Tech Systems Solutions
2026-04-01 21:09:47,905 - __main__ - INFO - ============================================================
2026-04-01 21:09:48,065 - __main__ - INFO - Iniciando aplicacion ERP...
2026-04-01 21:09:48,166 - __main__ - INFO - Pantalla de login mostrada
2026-04-01 21:09:48,166 - __main__ - INFO - Aplicacion inicializada correctamente
2026-04-01 21:09:52,865 - __main__ - INFO - Intento de autenticacion para usuario: admin
2026-04-01 21:09:53,149 - __main__ - INFO - Usuario autenticado: admin (Rol: Administrador)
2026-04-01 21:09:53,171 - __main__ - INFO - Mostrando interfaz principal
2026-04-01 21:09:53,277 - matplotlib.category - INFO - Using categorical units to plot a list of strings that are all parsable as floats or dates. If these strings should be plotted as numbers, cast to the appropriate data type before plotting.
2026-04-01 21:09:53,278 - matplotlib.category - INFO - Using categorical units to plot a list of strings that are all parsable as floats or dates. If these strings should be plotted as numbers, cast to the appropriate data type before plotting.
2026-04-01 21:11:26,287 - matplotlib.category - INFO - Using categorical units to plot a list of strings that are all parsable as floats or dates. If these strings should be plotted as numbers, cast to the appropriate data type before plotting.
2026-04-01 21:11:26,288 - matplotlib.category - INFO - Using categorical units to plot a list of strings that are all parsable as floats or dates. If these strings should be plotted as numbers, cast to the appropriate data type before plotting.
2026-04-01 21:11:30,923 - __main__ - INFO - Aplicacion cerrada por el usuario
2026-04-01 21:11:30,924 - __main__ - INFO - Duracion de sesion: 0:01:42.839575
2026-04-01 21:24:23,409 - __main__ - INFO - ============================================================
2026-04-01 21:24:23,410 - __main__ - INFO - Iniciando TECH SYSTEMS ERP v2.0.0
2026-04-01 21:24:23,410 - __main__ - INFO - Compañia: Tech Systems Solutions
2026-04-01 21:24:23,411 - __main__ - INFO - ============================================================
2026-04-01 21:24:23,569 - __main__ - INFO - Iniciando aplicacion ERP...
2026-04-01 21:24:23,674 - __main__ - INFO - Pantalla de login mostrada
2026-04-01 21:24:23,675 - __main__ - INFO - Aplicacion inicializada correctamente
2026-04-01 21:24:27,137 - __main__ - INFO - Intento de autenticacion para usuario: admin
2026-04-01 21:24:27,346 - __main__ - INFO - Usuario autenticado: admin (Rol: Administrador)
2026-04-01 21:24:27,367 - __main__ - INFO - Mostrando interfaz principal
2026-04-01 21:24:27,493 - matplotlib.category - INFO - Using categorical units to plot a list of strings that are all parsable as floats or dates. If these strings should be plotted as numbers, cast to the appropriate data type before plotting.
2026-04-01 21:24:27,494 - matplotlib.category - INFO - Using categorical units to plot a list of strings that are all parsable as floats or dates. If these strings should be plotted as numbers, cast to the appropriate data type before plotting.
2026-04-01 21:25:30,328 - matplotlib.category - INFO - Using categorical units to plot a list of strings that are all parsable as floats or dates. If these strings should be plotted as numbers, cast to the appropriate data type before plotting.
2026-04-01 21:25:30,331 - matplotlib.category - INFO - Using categorical units to plot a list of strings that are all parsable as floats or dates. If these strings should be plotted as numbers, cast to the appropriate data type before plotting.
2026-04-01 21:27:49,283 - matplotlib.category - INFO - Using categorical units to plot a list of strings that are all parsable as floats or dates. If these strings should be plotted as numbers, cast to the appropriate data type before plotting.
2026-04-01 21:27:49,285 - matplotlib.category - INFO - Using categorical units to plot a list of strings that are all parsable as floats or dates. If these strings should be plotted as numbers, cast to the appropriate data type before plotting.
2026-04-01 21:28:02,529 - matplotlib.category - INFO - Using categorical units to plot a list of strings that are all parsable as floats or dates. If these strings should be plotted as numbers, cast to the appropriate data type before plotting.
2026-04-01 21:28:02,530 - matplotlib.category - INFO - Using categorical units to plot a list of strings that are all parsable as floats or dates. If these strings should be plotted as numbers, cast to the appropriate data type before plotting.
2026-04-01 21:28:08,832 - matplotlib.category - INFO - Using categorical units to plot a list of strings that are all parsable as floats or dates. If these strings should be plotted as numbers, cast to the appropriate data type before plotting.
2026-04-01 21:28:08,834 - matplotlib.category - INFO - Using categorical units to plot a list of strings that are all parsable as floats or dates. If these strings should be plotted as numbers, cast to the appropriate data type before plotting.
2026-04-01 21:28:20,504 - matplotlib.category - INFO - Using categorical units to plot a list of strings that are all parsable as floats or dates. If these strings should be plotted as numbers, cast to the appropriate data type before plotting.
2026-04-01 21:28:20,505 - matplotlib.category - INFO - Using categorical units to plot a list of strings that are all parsable as floats or dates. If these strings should be plotted as numbers, cast to the appropriate data type before plotting.
2026-04-01 21:29:07,691 - matplotlib.category - INFO - Using categorical units to plot a list of strings that are all parsable as floats or dates. If these strings should be plotted as numbers, cast to the appropriate data type before plotting.
2026-04-01 21:29:07,692 - matplotlib.category - INFO - Using categorical units to plot a list of strings that are all parsable as floats or dates. If these strings should be plotted as numbers, cast to the appropriate data type before plotting.
2026-04-01 21:31:26,354 - __main__ - INFO - Aplicacion cerrada por el usuario
2026-04-01 21:31:26,354 - __main__ - INFO - Duracion de sesion: 0:07:02.762341
2026-04-01 21:31:55,961 - __main__ - INFO - ============================================================
2026-04-01 21:31:55,962 - __main__ - INFO - Iniciando TECH SYSTEMS ERP v2.0.0
2026-04-01 21:31:55,962 - __main__ - INFO - Compañia: Tech Systems Solutions
2026-04-01 21:31:55,962 - __main__ - INFO - ============================================================
2026-04-01 21:31:56,139 - __main__ - INFO - Iniciando aplicacion ERP...
2026-04-01 21:31:56,251 - __main__ - INFO - Pantalla de login mostrada
2026-04-01 21:31:56,251 - __main__ - INFO - Aplicacion inicializada correctamente
2026-04-01 21:32:00,360 - __main__ - INFO - Intento de autenticacion para usuario: admin
2026-04-01 21:32:00,603 - __main__ - INFO - Usuario autenticado: admin (Rol: Administrador)
2026-04-01 21:32:00,635 - __main__ - INFO - Mostrando interfaz principal
2026-04-01 21:32:00,756 - matplotlib.category - INFO - Using categorical units to plot a list of strings that are all parsable as floats or dates. If these strings should be plotted as numbers, cast to the appropriate data type before plotting.
2026-04-01 21:32:00,757 - matplotlib.category - INFO - Using categorical units to plot a list of strings that are all parsable as floats or dates. If these strings should be plotted as numbers, cast to the appropriate data type before plotting.
2026-04-01 21:33:56,147 - matplotlib.category - INFO - Using categorical units to plot a list of strings that are all parsable as floats or dates. If these strings should be plotted as numbers, cast to the appropriate data type before plotting.
2026-04-01 21:33:56,148 - matplotlib.category - INFO - Using categorical units to plot a list of strings that are all parsable as floats or dates. If these strings should be plotted as numbers, cast to the appropriate data type before plotting.
2026-04-01 21:33:59,578 - matplotlib.category - INFO - Using categorical units to plot a list of strings that are all parsable as floats or dates. If these strings should be plotted as numbers, cast to the appropriate data type before plotting.
2026-04-01 21:33:59,579 - matplotlib.category - INFO - Using categorical units to plot a list of strings that are all parsable as floats or dates. If these strings should be plotted as numbers, cast to the appropriate data type before plotting.
2026-04-01 21:34:35,368 - __main__ - INFO - Aplicacion cerrada por el usuario
2026-04-01 21:34:35,368 - __main__ - INFO - Duracion de sesion: 0:02:39.202890
2026-04-01 21:35:01,954 - __main__ - INFO - ============================================================
2026-04-01 21:35:01,954 - __main__ - INFO - Iniciando TECH SYSTEMS ERP v2.0.0
2026-04-01 21:35:01,954 - __main__ - INFO - Compañia: Tech Systems Solutions
2026-04-01 21:35:01,954 - __main__ - INFO - ============================================================
2026-04-01 21:35:02,102 - __main__ - INFO - Iniciando aplicacion ERP...
2026-04-01 21:35:02,208 - __main__ - INFO - Pantalla de login mostrada
2026-04-01 21:35:02,208 - __main__ - INFO - Aplicacion inicializada correctamente
2026-04-01 21:35:07,901 - __main__ - INFO - Intento de autenticacion para usuario: admin
2026-04-01 21:35:08,117 - __main__ - INFO - Usuario autenticado: admin (Rol: Administrador)
2026-04-01 21:35:08,141 - __main__ - INFO - Mostrando interfaz principal
2026-04-01 21:35:08,254 - matplotlib.category - INFO - Using categorical units to plot a list of strings that are all parsable as floats or dates. If these strings should be plotted as numbers, cast to the appropriate data type before plotting.
2026-04-01 21:35:08,255 - matplotlib.category - INFO - Using categorical units to plot a list of strings that are all parsable as floats or dates. If these strings should be plotted as numbers, cast to the appropriate data type before plotting.
2026-04-01 21:35:18,055 - matplotlib.category - INFO - Using categorical units to plot a list of strings that are all parsable as floats or dates. If these strings should be plotted as numbers, cast to the appropriate data type before plotting.
2026-04-01 21:35:18,056 - matplotlib.category - INFO - Using categorical units to plot a list of strings that are all parsable as floats or dates. If these strings should be plotted as numbers, cast to the appropriate data type before plotting.
2026-04-01 21:37:37,623 - __main__ - INFO - Aplicacion cerrada por el usuario
2026-04-01 21:37:37,624 - __main__ - INFO - Duracion de sesion: 0:02:35.490003
2026-04-01 21:53:51,085 - __main__ - INFO - ============================================================
2026-04-01 21:53:51,085 - __main__ - INFO - Iniciando TECH SYSTEMS ERP v2.0.0
2026-04-01 21:53:51,086 - __main__ - INFO - Compañia: Tech Systems Solutions
2026-04-01 21:53:51,086 - __main__ - INFO - ============================================================
2026-04-01 21:53:51,237 - __main__ - INFO - Iniciando aplicacion ERP...
2026-04-01 21:53:51,339 - __main__ - INFO - Pantalla de login mostrada
2026-04-01 21:53:51,339 - __main__ - INFO - Aplicacion inicializada correctamente
2026-04-01 21:53:55,703 - __main__ - INFO - Intento de autenticacion para usuario: admin
2026-04-01 21:53:55,913 - __main__ - INFO - Usuario autenticado: admin (Rol: Administrador)
2026-04-01 21:53:55,938 - __main__ - INFO - Mostrando interfaz principal
2026-04-01 21:53:56,053 - matplotlib.category - INFO - Using categorical units to plot a list of strings that are all parsable as floats or dates. If these strings should be plotted as numbers, cast to the appropriate data type before plotting.
2026-04-01 21:53:56,054 - matplotlib.category - INFO - Using categorical units to plot a list of strings that are all parsable as floats or dates. If these strings should be plotted as numbers, cast to the appropriate data type before plotting.
2026-04-01 21:55:14,169 - __main__ - INFO - Aplicacion cerrada por el usuario
2026-04-01 21:55:14,170 - __main__ - INFO - Duracion de sesion: 0:01:22.904697
2026-04-01 21:55:31,296 - __main__ - INFO - ============================================================
2026-04-01 21:55:31,297 - __main__ - INFO - Iniciando TECH SYSTEMS ERP v2.0.0
2026-04-01 21:55:31,298 - __main__ - INFO - Compañia: Tech Systems Solutions
2026-04-01 21:55:31,298 - __main__ - INFO - ============================================================
2026-04-01 21:55:31,475 - __main__ - INFO - Iniciando aplicacion ERP...
2026-04-01 21:55:31,576 - __main__ - INFO - Pantalla de login mostrada
2026-04-01 21:55:31,576 - __main__ - INFO - Aplicacion inicializada correctamente
2026-04-01 21:55:40,990 - __main__ - INFO - Intento de autenticacion para usuario: admin
2026-04-01 21:55:41,237 - __main__ - INFO - Usuario autenticado: admin (Rol: Administrador)
2026-04-01 21:55:41,264 - __main__ - INFO - Mostrando interfaz principal
2026-04-01 21:55:41,456 - matplotlib.category - INFO - Using categorical units to plot a list of strings that are all parsable as floats or dates. If these strings should be plotted as numbers, cast to the appropriate data type before plotting.
2026-04-01 21:55:41,458 - matplotlib.category - INFO - Using categorical units to plot a list of strings that are all parsable as floats or dates. If these strings should be plotted as numbers, cast to the appropriate data type before plotting.
2026-04-01 21:57:49,839 - matplotlib.category - INFO - Using categorical units to plot a list of strings that are all parsable as floats or dates. If these strings should be plotted as numbers, cast to the appropriate data type before plotting.
2026-04-01 21:57:49,850 - matplotlib.category - INFO - Using categorical units to plot a list of strings that are all parsable as floats or dates. If these strings should be plotted as numbers, cast to the appropriate data type before plotting.
2026-04-01 21:58:00,369 - matplotlib.category - INFO - Using categorical units to plot a list of strings that are all parsable as floats or dates. If these strings should be plotted as numbers, cast to the appropriate data type before plotting.
2026-04-01 21:58:00,370 - matplotlib.category - INFO - Using categorical units to plot a list of strings that are all parsable as floats or dates. If these strings should be plotted as numbers, cast to the appropriate data type before plotting.
2026-04-01 21:58:11,677 - __main__ - INFO - Aplicacion cerrada por el usuario
2026-04-01 21:58:11,677 - __main__ - INFO - Duracion de sesion: 0:02:40.179647
2026-04-01 22:03:20,049 - __main__ - INFO - ============================================================
2026-04-01 22:03:20,050 - __main__ - INFO - Iniciando TECH SYSTEMS ERP v2.0.0
2026-04-01 22:03:20,052 - __main__ - INFO - Compañia: Tech Systems Solutions
2026-04-01 22:03:20,052 - __main__ - INFO - ============================================================
2026-04-01 22:03:20,283 - __main__ - INFO - Iniciando aplicacion ERP...
2026-04-01 22:03:20,367 - __main__ - INFO - Pantalla de login mostrada
2026-04-01 22:03:20,368 - __main__ - INFO - Aplicacion inicializada correctamente
2026-04-01 22:03:24,859 - __main__ - INFO - Intento de autenticacion para usuario: admin
2026-04-01 22:03:25,071 - __main__ - INFO - Usuario autenticado: admin (Rol: Administrador)
2026-04-01 22:03:25,089 - __main__ - INFO - Mostrando interfaz principal
2026-04-01 22:03:25,200 - matplotlib.category - INFO - Using categorical units to plot a list of strings that are all parsable as floats or dates. If these strings should be plotted as numbers, cast to the appropriate data type before plotting.
2026-04-01 22:03:25,201 - matplotlib.category - INFO - Using categorical units to plot a list of strings that are all parsable as floats or dates. If these strings should be plotted as numbers, cast to the appropriate data type before plotting.
2026-04-01 22:03:37,822 - __main__ - INFO - Aplicacion cerrada por el usuario
2026-04-01 22:03:37,823 - __main__ - INFO - Duracion de sesion: 0:00:17.517640
2026-04-01 22:12:39,068 - __main__ - INFO - ============================================================
2026-04-01 22:12:39,087 - __main__ - INFO - Iniciando TECH SYSTEMS ERP v2.0.0
2026-04-01 22:12:39,113 - __main__ - INFO - Compañia: Tech Systems Solutions
2026-04-01 22:12:39,131 - __main__ - INFO - ============================================================
2026-04-01 22:12:39,622 - __main__ - INFO - Iniciando aplicacion ERP...
2026-04-01 22:12:39,880 - __main__ - INFO - Pantalla de login mostrada
2026-04-01 22:12:39,914 - __main__ - INFO - Aplicacion inicializada correctamente
2026-04-01 22:12:44,200 - __main__ - INFO - Intento de autenticacion para usuario: admin
2026-04-01 22:12:44,743 - __main__ - INFO - Usuario autenticado: admin (Rol: Administrador)
2026-04-01 22:12:44,772 - __main__ - INFO - Mostrando interfaz principal
2026-04-01 22:12:45,039 - matplotlib.category - INFO - Using categorical units to plot a list of strings that are all parsable as floats or dates. If these strings should be plotted as numbers, cast to the appropriate data type before plotting.
2026-04-01 22:12:45,041 - matplotlib.category - INFO - Using categorical units to plot a list of strings that are all parsable as floats or dates. If these strings should be plotted as numbers, cast to the appropriate data type before plotting.
2026-04-01 22:13:18,411 - matplotlib.category - INFO - Using categorical units to plot a list of strings that are all parsable as floats or dates. If these strings should be plotted as numbers, cast to the appropriate data type before plotting.
2026-04-01 22:13:18,412 - matplotlib.category - INFO - Using categorical units to plot a list of strings that are all parsable as floats or dates. If these strings should be plotted as numbers, cast to the appropriate data type before plotting.
2026-04-01 22:14:34,658 - __main__ - INFO - Usuario Administrador cerro sesion
2026-04-01 22:14:34,904 - __main__ - INFO - Pantalla de login mostrada
2026-04-01 22:14:39,688 - __main__ - INFO - Intento de autenticacion para usuario: admin
2026-04-01 22:14:39,936 - __main__ - INFO - Usuario autenticado: admin (Rol: Administrador)
2026-04-01 22:14:39,960 - __main__ - INFO - Mostrando interfaz principal
2026-04-01 22:14:40,068 - matplotlib.category - INFO - Using categorical units to plot a list of strings that are all parsable as floats or dates. If these strings should be plotted as numbers, cast to the appropriate data type before plotting.
2026-04-01 22:14:40,069 - matplotlib.category - INFO - Using categorical units to plot a list of strings that are all parsable as floats or dates. If these strings should be plotted as numbers, cast to the appropriate data type before plotting.
2026-04-01 22:15:26,259 - matplotlib.category - INFO - Using categorical units to plot a list of strings that are all parsable as floats or dates. If these strings should be plotted as numbers, cast to the appropriate data type before plotting.
2026-04-01 22:15:26,260 - matplotlib.category - INFO - Using categorical units to plot a list of strings that are all parsable as floats or dates. If these strings should be plotted as numbers, cast to the appropriate data type before plotting.
2026-04-01 22:16:41,585 - matplotlib.category - INFO - Using categorical units to plot a list of strings that are all parsable as floats or dates. If these strings should be plotted as numbers, cast to the appropriate data type before plotting.
2026-04-01 22:16:41,586 - matplotlib.category - INFO - Using categorical units to plot a list of strings that are all parsable as floats or dates. If these strings should be plotted as numbers, cast to the appropriate data type before plotting.
2026-04-01 22:16:45,502 - matplotlib.category - INFO - Using categorical units to plot a list of strings that are all parsable as floats or dates. If these strings should be plotted as numbers, cast to the appropriate data type before plotting.
2026-04-01 22:16:45,503 - matplotlib.category - INFO - Using categorical units to plot a list of strings that are all parsable as floats or dates. If these strings should be plotted as numbers, cast to the appropriate data type before plotting.
2026-04-01 22:18:37,701 - __main__ - INFO - Aplicacion cerrada por el usuario
2026-04-01 22:18:37,701 - __main__ - INFO - Duracion de sesion: 0:05:57.994320
2026-04-01 22:20:45,243 - __main__ - INFO - ============================================================
2026-04-01 22:20:45,244 - __main__ - INFO - Iniciando TECH SYSTEMS ERP v2.0.0
2026-04-01 22:20:45,244 - __main__ - INFO - Compañia: Tech Systems Solutions
2026-04-01 22:20:45,244 - __main__ - INFO - ============================================================
2026-04-01 22:20:45,417 - __main__ - INFO - Iniciando aplicacion ERP...
2026-04-01 22:20:45,519 - __main__ - INFO - Pantalla de login mostrada
2026-04-01 22:20:45,520 - __main__ - INFO - Aplicacion inicializada correctamente
2026-04-01 22:20:50,963 - __main__ - INFO - Intento de autenticacion para usuario: admin
2026-04-01 22:20:51,215 - __main__ - INFO - Usuario autenticado: admin (Rol: Administrador)
2026-04-01 22:20:51,242 - __main__ - INFO - Mostrando interfaz principal
2026-04-01 22:20:51,369 - matplotlib.category - INFO - Using categorical units to plot a list of strings that are all parsable as floats or dates. If these strings should be plotted as numbers, cast to the appropriate data type before plotting.
2026-04-01 22:20:51,370 - matplotlib.category - INFO - Using categorical units to plot a list of strings that are all parsable as floats or dates. If these strings should be plotted as numbers, cast to the appropriate data type before plotting.
2026-04-01 22:21:26,381 - matplotlib.category - INFO - Using categorical units to plot a list of strings that are all parsable as floats or dates. If these strings should be plotted as numbers, cast to the appropriate data type before plotting.
2026-04-01 22:21:26,382 - matplotlib.category - INFO - Using categorical units to plot a list of strings that are all parsable as floats or dates. If these strings should be plotted as numbers, cast to the appropriate data type before plotting.
2026-04-01 22:21:39,287 - __main__ - INFO - Aplicacion cerrada por el usuario
2026-04-01 22:21:39,288 - __main__ - INFO - Duracion de sesion: 0:00:53.850936
2026-04-01 22:21:45,017 - __main__ - INFO - ============================================================
2026-04-01 22:21:45,017 - __main__ - INFO - Iniciando TECH SYSTEMS ERP v2.0.0
2026-04-01 22:21:45,017 - __main__ - INFO - Compañia: Tech Systems Solutions
2026-04-01 22:21:45,017 - __main__ - INFO - ============================================================
2026-04-01 22:21:45,209 - __main__ - INFO - Iniciando aplicacion ERP...
2026-04-01 22:21:45,315 - __main__ - INFO - Pantalla de login mostrada
2026-04-01 22:21:45,315 - __main__ - INFO - Aplicacion inicializada correctamente
2026-04-01 22:21:52,489 - __main__ - INFO - Intento de autenticacion para usuario: admin
2026-04-01 22:21:52,839 - __main__ - INFO - Usuario autenticado: admin (Rol: Administrador)
2026-04-01 22:21:52,866 - __main__ - INFO - Mostrando interfaz principal
2026-04-01 22:21:52,996 - matplotlib.category - INFO - Using categorical units to plot a list of strings that are all parsable as floats or dates. If these strings should be plotted as numbers, cast to the appropriate data type before plotting.
2026-04-01 22:21:52,997 - matplotlib.category - INFO - Using categorical units to plot a list of strings that are all parsable as floats or dates. If these strings should be plotted as numbers, cast to the appropriate data type before plotting.
2026-04-01 22:26:13,505 - __main__ - INFO - Aplicacion cerrada por el usuario
2026-04-01 22:26:13,505 - __main__ - INFO - Duracion de sesion: 0:04:28.271088
2026-04-01 22:29:34,191 - __main__ - INFO - ============================================================
2026-04-01 22:29:34,197 - __main__ - INFO - Iniciando TECH SYSTEMS ERP v2.0.0
2026-04-01 22:29:34,200 - __main__ - INFO - Compañia: Tech Systems Solutions
2026-04-01 22:29:34,201 - __main__ - INFO - ============================================================
2026-04-01 22:29:34,729 - __main__ - INFO - Iniciando aplicacion ERP...
2026-04-01 22:29:34,999 - __main__ - INFO - Pantalla de login mostrada
2026-04-01 22:29:35,004 - __main__ - INFO - Aplicacion inicializada correctamente
2026-04-01 22:29:38,791 - __main__ - INFO - Intento de autenticacion para usuario: admin
2026-04-01 22:29:39,032 - __main__ - INFO - Usuario autenticado: admin (Rol: Administrador)
2026-04-01 22:29:39,055 - __main__ - INFO - Mostrando interfaz principal
2026-04-01 22:29:39,232 - matplotlib.category - INFO - Using categorical units to plot a list of strings that are all parsable as floats or dates. If these strings should be plotted as numbers, cast to the appropriate data type before plotting.
2026-04-01 22:29:39,234 - matplotlib.category - INFO - Using categorical units to plot a list of strings that are all parsable as floats or dates. If these strings should be plotted as numbers, cast to the appropriate data type before plotting.
2026-04-01 22:29:39,236 - matplotlib.category - INFO - Using categorical units to plot a list of strings that are all parsable as floats or dates. If these strings should be plotted as numbers, cast to the appropriate data type before plotting.
2026-04-01 22:29:39,237 - matplotlib.category - INFO - Using categorical units to plot a list of strings that are all parsable as floats or dates. If these strings should be plotted as numbers, cast to the appropriate data type before plotting.
2026-04-01 22:30:14,634 - matplotlib.category - INFO - Using categorical units to plot a list of strings that are all parsable as floats or dates. If these strings should be plotted as numbers, cast to the appropriate data type before plotting.
2026-04-01 22:30:14,635 - matplotlib.category - INFO - Using categorical units to plot a list of strings that are all parsable as floats or dates. If these strings should be plotted as numbers, cast to the appropriate data type before plotting.
2026-04-01 22:30:14,636 - matplotlib.category - INFO - Using categorical units to plot a list of strings that are all parsable as floats or dates. If these strings should be plotted as numbers, cast to the appropriate data type before plotting.
2026-04-01 22:30:14,637 - matplotlib.category - INFO - Using categorical units to plot a list of strings that are all parsable as floats or dates. If these strings should be plotted as numbers, cast to the appropriate data type before plotting.
2026-04-01 22:30:18,602 - matplotlib.category - INFO - Using categorical units to plot a list of strings that are all parsable as floats or dates. If these strings should be plotted as numbers, cast to the appropriate data type before plotting.
2026-04-01 22:30:18,603 - matplotlib.category - INFO - Using categorical units to plot a list of strings that are all parsable as floats or dates. If these strings should be plotted as numbers, cast to the appropriate data type before plotting.
2026-04-01 22:30:18,604 - matplotlib.category - INFO - Using categorical units to plot a list of strings that are all parsable as floats or dates. If these strings should be plotted as numbers, cast to the appropriate data type before plotting.
2026-04-01 22:30:18,605 - matplotlib.category - INFO - Using categorical units to plot a list of strings that are all parsable as floats or dates. If these strings should be plotted as numbers, cast to the appropriate data type before plotting.
2026-04-01 22:30:19,843 - matplotlib.category - INFO - Using categorical units to plot a list of strings that are all parsable as floats or dates. If these strings should be plotted as numbers, cast to the appropriate data type before plotting.
2026-04-01 22:30:19,844 - matplotlib.category - INFO - Using categorical units to plot a list of strings that are all parsable as floats or dates. If these strings should be plotted as numbers, cast to the appropriate data type before plotting.
2026-04-01 22:30:19,845 - matplotlib.category - INFO - Using categorical units to plot a list of strings that are all parsable as floats or dates. If these strings should be plotted as numbers, cast to the appropriate data type before plotting.
2026-04-01 22:30:19,846 - matplotlib.category - INFO - Using categorical units to plot a list of strings that are all parsable as floats or dates. If these strings should be plotted as numbers, cast to the appropriate data type before plotting.
2026-04-01 22:30:40,420 - matplotlib.category - INFO - Using categorical units to plot a list of strings that are all parsable as floats or dates. If these strings should be plotted as numbers, cast to the appropriate data type before plotting.
2026-04-01 22:30:40,421 - matplotlib.category - INFO - Using categorical units to plot a list of strings that are all parsable as floats or dates. If these strings should be plotted as numbers, cast to the appropriate data type before plotting.
2026-04-01 22:30:40,423 - matplotlib.category - INFO - Using categorical units to plot a list of strings that are all parsable as floats or dates. If these strings should be plotted as numbers, cast to the appropriate data type before plotting.
2026-04-01 22:30:40,424 - matplotlib.category - INFO - Using categorical units to plot a list of strings that are all parsable as floats or dates. If these strings should be plotted as numbers, cast to the appropriate data type before plotting.
2026-04-01 22:32:10,983 - matplotlib.category - INFO - Using categorical units to plot a list of strings that are all parsable as floats or dates. If these strings should be plotted as numbers, cast to the appropriate data type before plotting.
2026-04-01 22:32:10,984 - matplotlib.category - INFO - Using categorical units to plot a list of strings that are all parsable as floats or dates. If these strings should be plotted as numbers, cast to the appropriate data type before plotting.
2026-04-01 22:32:10,986 - matplotlib.category - INFO - Using categorical units to plot a list of strings that are all parsable as floats or dates. If these strings should be plotted as numbers, cast to the appropriate data type before plotting.
2026-04-01 22:32:10,987 - matplotlib.category - INFO - Using categorical units to plot a list of strings that are all parsable as floats or dates. If these strings should be plotted as numbers, cast to the appropriate data type before plotting.
2026-04-01 22:32:15,163 - __main__ - INFO - Usuario Administrador cerro sesion
2026-04-01 22:32:15,437 - __main__ - INFO - Pantalla de login mostrada
2026-04-01 22:32:18,592 - __main__ - INFO - Aplicacion cerrada por el usuario
2026-04-01 22:35:31,099 - __main__ - INFO - ============================================================
2026-04-01 22:35:31,100 - __main__ - INFO - Iniciando TECH SYSTEMS ERP v2.0.0
2026-04-01 22:35:31,100 - __main__ - INFO - Compañia: Tech Systems Solutions
2026-04-01 22:35:31,100 - __main__ - INFO - ============================================================
2026-04-01 22:35:31,307 - __main__ - INFO - Iniciando aplicacion ERP...
2026-04-01 22:35:31,485 - __main__ - INFO - Pantalla de login mostrada
2026-04-01 22:35:31,485 - __main__ - INFO - Aplicacion inicializada correctamente
2026-04-01 22:35:34,996 - __main__ - INFO - Intento de autenticacion para usuario: admin
2026-04-01 22:35:35,307 - __main__ - INFO - Usuario autenticado: admin (Rol: Administrador)
2026-04-01 22:35:35,341 - __main__ - INFO - Mostrando interfaz principal
2026-04-01 22:35:35,584 - matplotlib.category - INFO - Using categorical units to plot a list of strings that are all parsable as floats or dates. If these strings should be plotted as numbers, cast to the appropriate data type before plotting.
2026-04-01 22:35:35,585 - matplotlib.category - INFO - Using categorical units to plot a list of strings that are all parsable as floats or dates. If these strings should be plotted as numbers, cast to the appropriate data type before plotting.
2026-04-01 22:35:35,588 - matplotlib.category - INFO - Using categorical units to plot a list of strings that are all parsable as floats or dates. If these strings should be plotted as numbers, cast to the appropriate data type before plotting.
2026-04-01 22:35:35,591 - matplotlib.category - INFO - Using categorical units to plot a list of strings that are all parsable as floats or dates. If these strings should be plotted as numbers, cast to the appropriate data type before plotting.
2026-04-01 22:36:39,051 - __main__ - INFO - Aplicacion cerrada por el usuario
2026-04-01 22:36:39,052 - __main__ - INFO - Duracion de sesion: 0:01:07.709690
2026-04-01 22:38:14,155 - __main__ - INFO - ============================================================
2026-04-01 22:38:14,156 - __main__ - INFO - Iniciando TECH SYSTEMS ERP v2.0.0
2026-04-01 22:38:14,156 - __main__ - INFO - Compañia: Tech Systems Solutions
2026-04-01 22:38:14,156 - __main__ - INFO - ============================================================
2026-04-01 22:38:14,310 - __main__ - INFO - Iniciando aplicacion ERP...
2026-04-01 22:38:14,405 - __main__ - INFO - Pantalla de login mostrada
2026-04-01 22:38:14,406 - __main__ - INFO - Aplicacion inicializada correctamente
2026-04-01 22:38:18,210 - __main__ - INFO - Intento de autenticacion para usuario: admin
2026-04-01 22:38:18,455 - __main__ - INFO - Usuario autenticado: admin (Rol: Administrador)
2026-04-01 22:38:18,475 - __main__ - INFO - Mostrando interfaz principal
2026-04-01 22:38:18,619 - matplotlib.category - INFO - Using categorical units to plot a list of strings that are all parsable as floats or dates. If these strings should be plotted as numbers, cast to the appropriate data type before plotting.
2026-04-01 22:38:18,620 - matplotlib.category - INFO - Using categorical units to plot a list of strings that are all parsable as floats or dates. If these strings should be plotted as numbers, cast to the appropriate data type before plotting.
2026-04-01 22:38:18,621 - matplotlib.category - INFO - Using categorical units to plot a list of strings that are all parsable as floats or dates. If these strings should be plotted as numbers, cast to the appropriate data type before plotting.
2026-04-01 22:38:18,623 - matplotlib.category - INFO - Using categorical units to plot a list of strings that are all parsable as floats or dates. If these strings should be plotted as numbers, cast to the appropriate data type before plotting.
2026-04-01 22:41:02,178 - __main__ - INFO - Aplicacion cerrada por el usuario
2026-04-01 22:41:02,178 - __main__ - INFO - Duracion de sesion: 0:02:47.845995
2026-04-01 22:41:06,283 - __main__ - INFO - ============================================================
2026-04-01 22:41:06,283 - __main__ - INFO - Iniciando TECH SYSTEMS ERP v2.0.0
2026-04-01 22:41:06,283 - __main__ - INFO - Compañia: Tech Systems Solutions
2026-04-01 22:41:06,283 - __main__ - INFO - ============================================================
2026-04-01 22:41:06,442 - __main__ - INFO - Iniciando aplicacion ERP...
2026-04-01 22:41:06,533 - __main__ - INFO - Pantalla de login mostrada
2026-04-01 22:41:06,533 - __main__ - INFO - Aplicacion inicializada correctamente
2026-04-01 22:41:10,265 - __main__ - INFO - Intento de autenticacion para usuario: admin
2026-04-01 22:41:10,459 - __main__ - INFO - Usuario autenticado: admin (Rol: Administrador)
2026-04-01 22:41:10,481 - __main__ - INFO - Mostrando interfaz principal
2026-04-01 22:41:10,622 - matplotlib.category - INFO - Using categorical units to plot a list of strings that are all parsable as floats or dates. If these strings should be plotted as numbers, cast to the appropriate data type before plotting.
2026-04-01 22:41:10,622 - matplotlib.category - INFO - Using categorical units to plot a list of strings that are all parsable as floats or dates. If these strings should be plotted as numbers, cast to the appropriate data type before plotting.
2026-04-01 22:41:10,624 - matplotlib.category - INFO - Using categorical units to plot a list of strings that are all parsable as floats or dates. If these strings should be plotted as numbers, cast to the appropriate data type before plotting.
2026-04-01 22:41:10,625 - matplotlib.category - INFO - Using categorical units to plot a list of strings that are all parsable as floats or dates. If these strings should be plotted as numbers, cast to the appropriate data type before plotting.
2026-04-01 22:42:05,887 - __main__ - INFO - Usuario Administrador cerro sesion
2026-04-01 22:42:06,055 - __main__ - INFO - Pantalla de login mostrada
2026-04-01 22:42:14,713 - __main__ - INFO - Aplicacion cerrada por el usuario
2026-04-01 22:43:06,293 - main - INFO - Iniciando aplicacion ERP...
2026-04-01 22:43:06,864 - main - INFO - Pantalla de login mostrada
2026-04-01 22:43:06,864 - main - INFO - Aplicacion inicializada correctamente
2026-04-01 22:43:06,896 - main - CRITICAL - Excepcion no manejada:
Traceback (most recent call last):
  File "<stdin>", line 17, in <module>
  File "C:\Users\Jota Daniel\AppData\Local\Programs\Python\Python313\Lib\encodings\cp1252.py", line 19, in encode
    return codecs.charmap_encode(input,self.errors,encoding_table)[0]
           ~~~~~~~~~~~~~~~~~~~~~^^^^^^^^^^^^^^^^^^^^^^^^^^^^^^^^^^
UnicodeEncodeError: 'charmap' codec can't encode character '\U0001f441' in position 0: character maps to <undefined>

2026-04-01 22:44:02,382 - __main__ - INFO - ============================================================
2026-04-01 22:44:02,382 - __main__ - INFO - Iniciando TECH SYSTEMS ERP v2.0.0
2026-04-01 22:44:02,382 - __main__ - INFO - Compañia: Tech Systems Solutions
2026-04-01 22:44:02,383 - __main__ - INFO - ============================================================
2026-04-01 22:44:02,553 - __main__ - INFO - Iniciando aplicacion ERP...
2026-04-01 22:44:03,213 - __main__ - INFO - Pantalla de login mostrada
2026-04-01 22:44:03,213 - __main__ - INFO - Aplicacion inicializada correctamente
2026-04-01 22:44:14,679 - __main__ - INFO - Intento de autenticacion para usuario: admin
2026-04-01 22:44:14,878 - __main__ - INFO - Usuario autenticado: admin (Rol: Administrador)
2026-04-01 22:44:14,904 - __main__ - INFO - Mostrando interfaz principal
2026-04-01 22:44:15,072 - matplotlib.category - INFO - Using categorical units to plot a list of strings that are all parsable as floats or dates. If these strings should be plotted as numbers, cast to the appropriate data type before plotting.
2026-04-01 22:44:15,073 - matplotlib.category - INFO - Using categorical units to plot a list of strings that are all parsable as floats or dates. If these strings should be plotted as numbers, cast to the appropriate data type before plotting.
2026-04-01 22:44:15,074 - matplotlib.category - INFO - Using categorical units to plot a list of strings that are all parsable as floats or dates. If these strings should be plotted as numbers, cast to the appropriate data type before plotting.
2026-04-01 22:44:15,075 - matplotlib.category - INFO - Using categorical units to plot a list of strings that are all parsable as floats or dates. If these strings should be plotted as numbers, cast to the appropriate data type before plotting.
2026-04-01 22:44:19,634 - __main__ - INFO - Aplicacion cerrada por el usuario
2026-04-01 22:44:19,634 - __main__ - INFO - Duracion de sesion: 0:00:17.059806
2026-04-01 22:45:58,545 - __main__ - INFO - ============================================================
2026-04-01 22:45:58,545 - __main__ - INFO - Iniciando TECH SYSTEMS ERP v2.0.0
2026-04-01 22:45:58,545 - __main__ - INFO - Compañia: Tech Systems Solutions
2026-04-01 22:45:58,545 - __main__ - INFO - ============================================================
2026-04-01 22:45:58,715 - __main__ - INFO - Iniciando aplicacion ERP...
2026-04-01 22:45:59,358 - __main__ - INFO - Pantalla de login mostrada
2026-04-01 22:45:59,358 - __main__ - INFO - Aplicacion inicializada correctamente
2026-04-01 22:46:04,599 - __main__ - INFO - Intento de autenticacion para usuario: admin
2026-04-01 22:46:04,885 - __main__ - INFO - Usuario autenticado: admin (Rol: Administrador)
2026-04-01 22:46:04,912 - __main__ - INFO - Mostrando interfaz principal
2026-04-01 22:46:05,088 - matplotlib.category - INFO - Using categorical units to plot a list of strings that are all parsable as floats or dates. If these strings should be plotted as numbers, cast to the appropriate data type before plotting.
2026-04-01 22:46:05,089 - matplotlib.category - INFO - Using categorical units to plot a list of strings that are all parsable as floats or dates. If these strings should be plotted as numbers, cast to the appropriate data type before plotting.
2026-04-01 22:46:05,091 - matplotlib.category - INFO - Using categorical units to plot a list of strings that are all parsable as floats or dates. If these strings should be plotted as numbers, cast to the appropriate data type before plotting.
2026-04-01 22:46:05,092 - matplotlib.category - INFO - Using categorical units to plot a list of strings that are all parsable as floats or dates. If these strings should be plotted as numbers, cast to the appropriate data type before plotting.
2026-04-01 22:46:12,097 - __main__ - INFO - Usuario Administrador cerro sesion
2026-04-01 22:46:12,296 - __main__ - INFO - Pantalla de login mostrada
2026-04-01 22:46:17,226 - __main__ - INFO - Intento de autenticacion para usuario: admin
2026-04-01 22:46:17,419 - __main__ - WARNING - Intento de autenticacion fallido para: admin
2026-04-01 22:46:21,155 - __main__ - INFO - Intento de autenticacion para usuario: admin
2026-04-01 22:46:21,349 - __main__ - INFO - Usuario autenticado: admin (Rol: Administrador)
2026-04-01 22:46:21,368 - __main__ - INFO - Mostrando interfaz principal
2026-04-01 22:46:21,487 - matplotlib.category - INFO - Using categorical units to plot a list of strings that are all parsable as floats or dates. If these strings should be plotted as numbers, cast to the appropriate data type before plotting.
2026-04-01 22:46:21,487 - matplotlib.category - INFO - Using categorical units to plot a list of strings that are all parsable as floats or dates. If these strings should be plotted as numbers, cast to the appropriate data type before plotting.
2026-04-01 22:46:21,489 - matplotlib.category - INFO - Using categorical units to plot a list of strings that are all parsable as floats or dates. If these strings should be plotted as numbers, cast to the appropriate data type before plotting.
2026-04-01 22:46:21,489 - matplotlib.category - INFO - Using categorical units to plot a list of strings that are all parsable as floats or dates. If these strings should be plotted as numbers, cast to the appropriate data type before plotting.
2026-04-01 22:46:26,813 - __main__ - INFO - Aplicacion cerrada por el usuario
2026-04-01 22:46:26,814 - __main__ - INFO - Duracion de sesion: 0:00:28.076784
2026-04-01 22:47:19,612 - __main__ - INFO - ============================================================
2026-04-01 22:47:19,612 - __main__ - INFO - Iniciando TECH SYSTEMS ERP v2.0.0
2026-04-01 22:47:19,613 - __main__ - INFO - Compañia: Tech Systems Solutions
2026-04-01 22:47:19,613 - __main__ - INFO - ============================================================
2026-04-01 22:47:19,871 - __main__ - INFO - Iniciando aplicacion ERP...
2026-04-01 22:47:20,801 - __main__ - INFO - Pantalla de login mostrada
2026-04-01 22:47:20,801 - __main__ - INFO - Aplicacion inicializada correctamente
2026-04-01 22:47:26,144 - __main__ - INFO - Intento de autenticacion para usuario: admin
2026-04-01 22:47:26,344 - __main__ - INFO - Usuario autenticado: admin (Rol: Administrador)
2026-04-01 22:47:26,368 - __main__ - INFO - Mostrando interfaz principal
2026-04-01 22:47:26,539 - matplotlib.category - INFO - Using categorical units to plot a list of strings that are all parsable as floats or dates. If these strings should be plotted as numbers, cast to the appropriate data type before plotting.
2026-04-01 22:47:26,540 - matplotlib.category - INFO - Using categorical units to plot a list of strings that are all parsable as floats or dates. If these strings should be plotted as numbers, cast to the appropriate data type before plotting.
2026-04-01 22:47:26,542 - matplotlib.category - INFO - Using categorical units to plot a list of strings that are all parsable as floats or dates. If these strings should be plotted as numbers, cast to the appropriate data type before plotting.
2026-04-01 22:47:26,542 - matplotlib.category - INFO - Using categorical units to plot a list of strings that are all parsable as floats or dates. If these strings should be plotted as numbers, cast to the appropriate data type before plotting.
2026-04-01 22:47:36,475 - __main__ - INFO - Aplicacion cerrada por el usuario
2026-04-01 22:47:36,475 - __main__ - INFO - Duracion de sesion: 0:00:16.559963
2026-04-01 22:58:10,917 - __main__ - INFO - ============================================================
2026-04-01 22:58:10,918 - __main__ - INFO - Iniciando TECH SYSTEMS ERP v2.0.0
2026-04-01 22:58:10,918 - __main__ - INFO - Compañia: Tech Systems Solutions
2026-04-01 22:58:10,918 - __main__ - INFO - ============================================================
2026-04-01 22:58:11,050 - __main__ - INFO - Iniciando aplicacion ERP...
2026-04-01 22:58:11,665 - __main__ - INFO - Pantalla de login mostrada
2026-04-01 22:58:11,666 - __main__ - INFO - Aplicacion inicializada correctamente
2026-04-01 22:58:16,117 - __main__ - INFO - Intento de autenticacion para usuario: admin
2026-04-01 22:58:16,320 - __main__ - INFO - Usuario autenticado: admin (Rol: Administrador)
2026-04-01 22:58:16,341 - __main__ - INFO - Mostrando interfaz principal
2026-04-01 22:58:16,520 - matplotlib.category - INFO - Using categorical units to plot a list of strings that are all parsable as floats or dates. If these strings should be plotted as numbers, cast to the appropriate data type before plotting.
2026-04-01 22:58:16,521 - matplotlib.category - INFO - Using categorical units to plot a list of strings that are all parsable as floats or dates. If these strings should be plotted as numbers, cast to the appropriate data type before plotting.
2026-04-01 22:58:16,523 - matplotlib.category - INFO - Using categorical units to plot a list of strings that are all parsable as floats or dates. If these strings should be plotted as numbers, cast to the appropriate data type before plotting.
2026-04-01 22:58:16,524 - matplotlib.category - INFO - Using categorical units to plot a list of strings that are all parsable as floats or dates. If these strings should be plotted as numbers, cast to the appropriate data type before plotting.
2026-04-01 22:58:37,003 - matplotlib.category - INFO - Using categorical units to plot a list of strings that are all parsable as floats or dates. If these strings should be plotted as numbers, cast to the appropriate data type before plotting.
2026-04-01 22:58:37,004 - matplotlib.category - INFO - Using categorical units to plot a list of strings that are all parsable as floats or dates. If these strings should be plotted as numbers, cast to the appropriate data type before plotting.
2026-04-01 22:58:37,006 - matplotlib.category - INFO - Using categorical units to plot a list of strings that are all parsable as floats or dates. If these strings should be plotted as numbers, cast to the appropriate data type before plotting.
2026-04-01 22:58:37,006 - matplotlib.category - INFO - Using categorical units to plot a list of strings that are all parsable as floats or dates. If these strings should be plotted as numbers, cast to the appropriate data type before plotting.
2026-04-01 22:58:45,812 - __main__ - INFO - Aplicacion cerrada por el usuario
2026-04-01 22:58:45,812 - __main__ - INFO - Duracion de sesion: 0:00:34.739835
2026-04-01 23:03:54,752 - __main__ - INFO - ============================================================
2026-04-01 23:03:54,752 - __main__ - INFO - Iniciando TECH SYSTEMS ERP v2.0.0
2026-04-01 23:03:54,753 - __main__ - INFO - Compañia: Tech Systems Solutions
2026-04-01 23:03:54,753 - __main__ - INFO - ============================================================
2026-04-01 23:03:54,890 - __main__ - INFO - Iniciando aplicacion ERP...
2026-04-01 23:03:55,618 - __main__ - INFO - Pantalla de login mostrada
2026-04-01 23:03:55,618 - __main__ - INFO - Aplicacion inicializada correctamente
2026-04-01 23:04:15,129 - __main__ - INFO - Intento de autenticacion para usuario: admin
2026-04-01 23:04:15,442 - __main__ - INFO - Usuario autenticado: admin (Rol: Administrador)
2026-04-01 23:04:15,468 - __main__ - INFO - Mostrando interfaz principal
2026-04-01 23:04:15,722 - matplotlib.category - INFO - Using categorical units to plot a list of strings that are all parsable as floats or dates. If these strings should be plotted as numbers, cast to the appropriate data type before plotting.
2026-04-01 23:04:15,723 - matplotlib.category - INFO - Using categorical units to plot a list of strings that are all parsable as floats or dates. If these strings should be plotted as numbers, cast to the appropriate data type before plotting.
2026-04-01 23:04:15,726 - matplotlib.category - INFO - Using categorical units to plot a list of strings that are all parsable as floats or dates. If these strings should be plotted as numbers, cast to the appropriate data type before plotting.
2026-04-01 23:04:15,727 - matplotlib.category - INFO - Using categorical units to plot a list of strings that are all parsable as floats or dates. If these strings should be plotted as numbers, cast to the appropriate data type before plotting.
2026-04-01 23:10:20,812 - matplotlib.category - INFO - Using categorical units to plot a list of strings that are all parsable as floats or dates. If these strings should be plotted as numbers, cast to the appropriate data type before plotting.
2026-04-01 23:10:20,813 - matplotlib.category - INFO - Using categorical units to plot a list of strings that are all parsable as floats or dates. If these strings should be plotted as numbers, cast to the appropriate data type before plotting.
2026-04-01 23:10:20,815 - matplotlib.category - INFO - Using categorical units to plot a list of strings that are all parsable as floats or dates. If these strings should be plotted as numbers, cast to the appropriate data type before plotting.
2026-04-01 23:10:20,816 - matplotlib.category - INFO - Using categorical units to plot a list of strings that are all parsable as floats or dates. If these strings should be plotted as numbers, cast to the appropriate data type before plotting.
2026-04-01 23:18:50,565 - matplotlib.category - INFO - Using categorical units to plot a list of strings that are all parsable as floats or dates. If these strings should be plotted as numbers, cast to the appropriate data type before plotting.
2026-04-01 23:18:50,566 - matplotlib.category - INFO - Using categorical units to plot a list of strings that are all parsable as floats or dates. If these strings should be plotted as numbers, cast to the appropriate data type before plotting.
2026-04-01 23:18:50,567 - matplotlib.category - INFO - Using categorical units to plot a list of strings that are all parsable as floats or dates. If these strings should be plotted as numbers, cast to the appropriate data type before plotting.
2026-04-01 23:18:50,568 - matplotlib.category - INFO - Using categorical units to plot a list of strings that are all parsable as floats or dates. If these strings should be plotted as numbers, cast to the appropriate data type before plotting.
2026-04-01 23:18:55,351 - matplotlib.category - INFO - Using categorical units to plot a list of strings that are all parsable as floats or dates. If these strings should be plotted as numbers, cast to the appropriate data type before plotting.
2026-04-01 23:18:55,354 - matplotlib.category - INFO - Using categorical units to plot a list of strings that are all parsable as floats or dates. If these strings should be plotted as numbers, cast to the appropriate data type before plotting.
2026-04-01 23:18:55,355 - matplotlib.category - INFO - Using categorical units to plot a list of strings that are all parsable as floats or dates. If these strings should be plotted as numbers, cast to the appropriate data type before plotting.
2026-04-01 23:18:55,356 - matplotlib.category - INFO - Using categorical units to plot a list of strings that are all parsable as floats or dates. If these strings should be plotted as numbers, cast to the appropriate data type before plotting.
2026-04-01 23:19:41,626 - matplotlib.category - INFO - Using categorical units to plot a list of strings that are all parsable as floats or dates. If these strings should be plotted as numbers, cast to the appropriate data type before plotting.
2026-04-01 23:19:41,627 - matplotlib.category - INFO - Using categorical units to plot a list of strings that are all parsable as floats or dates. If these strings should be plotted as numbers, cast to the appropriate data type before plotting.
2026-04-01 23:19:41,628 - matplotlib.category - INFO - Using categorical units to plot a list of strings that are all parsable as floats or dates. If these strings should be plotted as numbers, cast to the appropriate data type before plotting.
2026-04-01 23:19:41,629 - matplotlib.category - INFO - Using categorical units to plot a list of strings that are all parsable as floats or dates. If these strings should be plotted as numbers, cast to the appropriate data type before plotting.
2026-04-01 23:22:56,713 - matplotlib.category - INFO - Using categorical units to plot a list of strings that are all parsable as floats or dates. If these strings should be plotted as numbers, cast to the appropriate data type before plotting.
2026-04-01 23:22:56,715 - matplotlib.category - INFO - Using categorical units to plot a list of strings that are all parsable as floats or dates. If these strings should be plotted as numbers, cast to the appropriate data type before plotting.
2026-04-01 23:22:56,718 - matplotlib.category - INFO - Using categorical units to plot a list of strings that are all parsable as floats or dates. If these strings should be plotted as numbers, cast to the appropriate data type before plotting.
2026-04-01 23:22:56,718 - matplotlib.category - INFO - Using categorical units to plot a list of strings that are all parsable as floats or dates. If these strings should be plotted as numbers, cast to the appropriate data type before plotting.
2026-04-01 23:26:13,227 - __main__ - INFO - Aplicacion cerrada por el usuario
2026-04-01 23:26:13,227 - __main__ - INFO - Duracion de sesion: 0:22:18.315684
2026-04-01 23:30:17,906 - __main__ - INFO - ============================================================
2026-04-01 23:30:17,906 - __main__ - INFO - Iniciando TECH SYSTEMS ERP v2.0.0
2026-04-01 23:30:17,906 - __main__ - INFO - Compañia: Tech Systems Solutions
2026-04-01 23:30:17,906 - __main__ - INFO - ============================================================
2026-04-01 23:30:18,088 - __main__ - INFO - Iniciando aplicacion ERP...
2026-04-01 23:30:19,042 - __main__ - INFO - Pantalla de login mostrada
2026-04-01 23:30:19,042 - __main__ - INFO - Aplicacion inicializada correctamente
2026-04-01 23:30:23,024 - __main__ - INFO - Intento de autenticacion para usuario: admin
2026-04-01 23:30:23,334 - __main__ - INFO - Usuario autenticado: admin (Rol: Administrador)
2026-04-01 23:30:23,365 - __main__ - INFO - Mostrando interfaz principal
2026-04-01 23:30:23,623 - matplotlib.category - INFO - Using categorical units to plot a list of strings that are all parsable as floats or dates. If these strings should be plotted as numbers, cast to the appropriate data type before plotting.
2026-04-01 23:30:23,625 - matplotlib.category - INFO - Using categorical units to plot a list of strings that are all parsable as floats or dates. If these strings should be plotted as numbers, cast to the appropriate data type before plotting.
2026-04-01 23:30:23,628 - matplotlib.category - INFO - Using categorical units to plot a list of strings that are all parsable as floats or dates. If these strings should be plotted as numbers, cast to the appropriate data type before plotting.
2026-04-01 23:30:23,629 - matplotlib.category - INFO - Using categorical units to plot a list of strings that are all parsable as floats or dates. If these strings should be plotted as numbers, cast to the appropriate data type before plotting.
2026-04-01 23:31:41,261 - __main__ - INFO - Usuario Administrador cerro sesion
2026-04-01 23:31:41,549 - __main__ - INFO - Pantalla de login mostrada
2026-04-01 23:31:43,764 - __main__ - INFO - Aplicacion cerrada por el usuario
