2026-04-02 15:46:56,274 - __main__ - INFO - ============================================================
2026-04-02 15:46:56,274 - __main__ - INFO - Iniciando TECH SYSTEMS ERP v2.0.0
2026-04-02 15:46:56,275 - __main__ - INFO - Compañia: Tech Systems Solutions
2026-04-02 15:46:56,275 - __main__ - INFO - ============================================================
2026-04-02 15:46:56,960 - __main__ - INFO - Iniciando aplicacion ERP...
2026-04-02 15:46:57,535 - __main__ - INFO - Pantalla de login mostrada
2026-04-02 15:46:57,535 - __main__ - INFO - Aplicacion inicializada correctamente
2026-04-02 15:46:58,340 - __main__ - CRITICAL - Excepcion no manejada:
Traceback (most recent call last):
  File "c:\Users\Hugo\Desktop\ERP-Facturacion\main.py", line 852, in <module>
    main()
    ~~~~^^
  File "c:\Users\Hugo\Desktop\ERP-Facturacion\main.py", line 838, in main
    app.mainloop()
    ~~~~~~~~~~~~^^
  File "C:\Users\Hugo\AppData\Local\Programs\Python\Python314\Lib\tkinter\__init__.py", line 1613, in mainloop
    self.tk.mainloop(n)
    ~~~~~~~~~~~~~~~~^^^
  File "C:\Users\Hugo\AppData\Local\Programs\Python\Python314\Lib\tkinter\__init__.py", line 2088, in __call__
    def __call__(self, *args):
    
KeyboardInterrupt

2026-04-02 15:47:20,153 - __main__ - INFO - Aplicacion cerrada por el usuario
2026-04-02 15:48:08,763 - __main__ - INFO - ============================================================
2026-04-02 15:48:08,763 - __main__ - INFO - Iniciando TECH SYSTEMS ERP v2.0.0
2026-04-02 15:48:08,763 - __main__ - INFO - Compañia: Tech Systems Solutions
2026-04-02 15:48:08,763 - __main__ - INFO - ============================================================
2026-04-02 15:48:08,887 - __main__ - INFO - Iniciando aplicacion ERP...
2026-04-02 15:48:09,293 - __main__ - INFO - Pantalla de login mostrada
2026-04-02 15:48:09,294 - __main__ - INFO - Aplicacion inicializada correctamente
2026-04-02 15:48:14,495 - __main__ - INFO - Intento de autenticacion para usuario: admin
2026-04-02 15:48:14,774 - __main__ - INFO - Usuario autenticado: admin (Rol: Administrador)
2026-04-02 15:48:14,798 - __main__ - INFO - Mostrando interfaz principal
2026-04-02 15:48:14,997 - matplotlib.category - INFO - Using categorical units to plot a list of strings that are all parsable as floats or dates. If these strings should be plotted as numbers, cast to the appropriate data type before plotting.
2026-04-02 15:48:14,998 - matplotlib.category - INFO - Using categorical units to plot a list of strings that are all parsable as floats or dates. If these strings should be plotted as numbers, cast to the appropriate data type before plotting.
2026-04-02 15:48:15,000 - matplotlib.category - INFO - Using categorical units to plot a list of strings that are all parsable as floats or dates. If these strings should be plotted as numbers, cast to the appropriate data type before plotting.
2026-04-02 15:48:15,001 - matplotlib.category - INFO - Using categorical units to plot a list of strings that are all parsable as floats or dates. If these strings should be plotted as numbers, cast to the appropriate data type before plotting.
2026-04-02 15:48:22,049 - matplotlib.category - INFO - Using categorical units to plot a list of strings that are all parsable as floats or dates. If these strings should be plotted as numbers, cast to the appropriate data type before plotting.
2026-04-02 15:48:22,051 - matplotlib.category - INFO - Using categorical units to plot a list of strings that are all parsable as floats or dates. If these strings should be plotted as numbers, cast to the appropriate data type before plotting.
2026-04-02 15:48:22,055 - matplotlib.category - INFO - Using categorical units to plot a list of strings that are all parsable as floats or dates. If these strings should be plotted as numbers, cast to the appropriate data type before plotting.
2026-04-02 15:48:22,056 - matplotlib.category - INFO - Using categorical units to plot a list of strings that are all parsable as floats or dates. If these strings should be plotted as numbers, cast to the appropriate data type before plotting.
2026-04-02 15:48:45,421 - matplotlib.category - INFO - Using categorical units to plot a list of strings that are all parsable as floats or dates. If these strings should be plotted as numbers, cast to the appropriate data type before plotting.
2026-04-02 15:48:45,422 - matplotlib.category - INFO - Using categorical units to plot a list of strings that are all parsable as floats or dates. If these strings should be plotted as numbers, cast to the appropriate data type before plotting.
2026-04-02 15:48:45,424 - matplotlib.category - INFO - Using categorical units to plot a list of strings that are all parsable as floats or dates. If these strings should be plotted as numbers, cast to the appropriate data type before plotting.
2026-04-02 15:48:45,425 - matplotlib.category - INFO - Using categorical units to plot a list of strings that are all parsable as floats or dates. If these strings should be plotted as numbers, cast to the appropriate data type before plotting.
2026-04-02 15:48:51,141 - matplotlib.category - INFO - Using categorical units to plot a list of strings that are all parsable as floats or dates. If these strings should be plotted as numbers, cast to the appropriate data type before plotting.
2026-04-02 15:48:51,142 - matplotlib.category - INFO - Using categorical units to plot a list of strings that are all parsable as floats or dates. If these strings should be plotted as numbers, cast to the appropriate data type before plotting.
2026-04-02 15:48:51,144 - matplotlib.category - INFO - Using categorical units to plot a list of strings that are all parsable as floats or dates. If these strings should be plotted as numbers, cast to the appropriate data type before plotting.
2026-04-02 15:48:51,144 - matplotlib.category - INFO - Using categorical units to plot a list of strings that are all parsable as floats or dates. If these strings should be plotted as numbers, cast to the appropriate data type before plotting.
2026-04-02 15:48:54,963 - matplotlib.category - INFO - Using categorical units to plot a list of strings that are all parsable as floats or dates. If these strings should be plotted as numbers, cast to the appropriate data type before plotting.
2026-04-02 15:48:54,966 - matplotlib.category - INFO - Using categorical units to plot a list of strings that are all parsable as floats or dates. If these strings should be plotted as numbers, cast to the appropriate data type before plotting.
2026-04-02 15:48:54,970 - matplotlib.category - INFO - Using categorical units to plot a list of strings that are all parsable as floats or dates. If these strings should be plotted as numbers, cast to the appropriate data type before plotting.
2026-04-02 15:48:54,971 - matplotlib.category - INFO - Using categorical units to plot a list of strings that are all parsable as floats or dates. If these strings should be plotted as numbers, cast to the appropriate data type before plotting.
2026-04-02 15:49:18,532 - __main__ - INFO - Usuario Administrador cerro sesion
2026-04-02 15:49:18,620 - __main__ - INFO - Pantalla de login mostrada
2026-04-02 15:49:30,157 - __main__ - INFO - Aplicacion cerrada por el usuario
2026-04-02 16:16:16,405 - __main__ - INFO - ============================================================
2026-04-02 16:16:16,405 - __main__ - INFO - Iniciando TECH SYSTEMS ERP v2.0.0
2026-04-02 16:16:16,405 - __main__ - INFO - Compañia: Tech Systems Solutions
2026-04-02 16:16:16,406 - __main__ - INFO - ============================================================
2026-04-02 16:16:16,519 - __main__ - INFO - Iniciando aplicacion ERP...
2026-04-02 16:16:16,979 - __main__ - INFO - Pantalla de login mostrada
2026-04-02 16:16:16,980 - __main__ - INFO - Aplicacion inicializada correctamente
2026-04-02 16:16:23,795 - __main__ - INFO - Intento de autenticacion para usuario: admin
2026-04-02 16:16:24,086 - __main__ - INFO - Usuario autenticado: admin (Rol: Administrador)
2026-04-02 16:16:24,099 - __main__ - INFO - Mostrando interfaz principal
2026-04-02 16:16:24,293 - matplotlib.category - INFO - Using categorical units to plot a list of strings that are all parsable as floats or dates. If these strings should be plotted as numbers, cast to the appropriate data type before plotting.
2026-04-02 16:16:24,293 - matplotlib.category - INFO - Using categorical units to plot a list of strings that are all parsable as floats or dates. If these strings should be plotted as numbers, cast to the appropriate data type before plotting.
2026-04-02 16:16:24,295 - matplotlib.category - INFO - Using categorical units to plot a list of strings that are all parsable as floats or dates. If these strings should be plotted as numbers, cast to the appropriate data type before plotting.
2026-04-02 16:16:24,296 - matplotlib.category - INFO - Using categorical units to plot a list of strings that are all parsable as floats or dates. If these strings should be plotted as numbers, cast to the appropriate data type before plotting.
2026-04-02 16:16:33,802 - matplotlib.category - INFO - Using categorical units to plot a list of strings that are all parsable as floats or dates. If these strings should be plotted as numbers, cast to the appropriate data type before plotting.
2026-04-02 16:16:33,803 - matplotlib.category - INFO - Using categorical units to plot a list of strings that are all parsable as floats or dates. If these strings should be plotted as numbers, cast to the appropriate data type before plotting.
2026-04-02 16:16:33,804 - matplotlib.category - INFO - Using categorical units to plot a list of strings that are all parsable as floats or dates. If these strings should be plotted as numbers, cast to the appropriate data type before plotting.
2026-04-02 16:16:33,805 - matplotlib.category - INFO - Using categorical units to plot a list of strings that are all parsable as floats or dates. If these strings should be plotted as numbers, cast to the appropriate data type before plotting.
2026-04-02 16:16:36,495 - matplotlib.category - INFO - Using categorical units to plot a list of strings that are all parsable as floats or dates. If these strings should be plotted as numbers, cast to the appropriate data type before plotting.
2026-04-02 16:16:36,496 - matplotlib.category - INFO - Using categorical units to plot a list of strings that are all parsable as floats or dates. If these strings should be plotted as numbers, cast to the appropriate data type before plotting.
2026-04-02 16:16:36,497 - matplotlib.category - INFO - Using categorical units to plot a list of strings that are all parsable as floats or dates. If these strings should be plotted as numbers, cast to the appropriate data type before plotting.
2026-04-02 16:16:36,498 - matplotlib.category - INFO - Using categorical units to plot a list of strings that are all parsable as floats or dates. If these strings should be plotted as numbers, cast to the appropriate data type before plotting.
2026-04-02 16:17:37,794 - matplotlib.category - INFO - Using categorical units to plot a list of strings that are all parsable as floats or dates. If these strings should be plotted as numbers, cast to the appropriate data type before plotting.
2026-04-02 16:17:37,795 - matplotlib.category - INFO - Using categorical units to plot a list of strings that are all parsable as floats or dates. If these strings should be plotted as numbers, cast to the appropriate data type before plotting.
2026-04-02 16:17:37,797 - matplotlib.category - INFO - Using categorical units to plot a list of strings that are all parsable as floats or dates. If these strings should be plotted as numbers, cast to the appropriate data type before plotting.
2026-04-02 16:17:37,798 - matplotlib.category - INFO - Using categorical units to plot a list of strings that are all parsable as floats or dates. If these strings should be plotted as numbers, cast to the appropriate data type before plotting.
2026-04-02 16:17:48,997 - matplotlib.category - INFO - Using categorical units to plot a list of strings that are all parsable as floats or dates. If these strings should be plotted as numbers, cast to the appropriate data type before plotting.
2026-04-02 16:17:48,998 - matplotlib.category - INFO - Using categorical units to plot a list of strings that are all parsable as floats or dates. If these strings should be plotted as numbers, cast to the appropriate data type before plotting.
2026-04-02 16:17:49,000 - matplotlib.category - INFO - Using categorical units to plot a list of strings that are all parsable as floats or dates. If these strings should be plotted as numbers, cast to the appropriate data type before plotting.
2026-04-02 16:17:49,001 - matplotlib.category - INFO - Using categorical units to plot a list of strings that are all parsable as floats or dates. If these strings should be plotted as numbers, cast to the appropriate data type before plotting.
2026-04-02 16:18:45,672 - matplotlib.category - INFO - Using categorical units to plot a list of strings that are all parsable as floats or dates. If these strings should be plotted as numbers, cast to the appropriate data type before plotting.
2026-04-02 16:18:45,674 - matplotlib.category - INFO - Using categorical units to plot a list of strings that are all parsable as floats or dates. If these strings should be plotted as numbers, cast to the appropriate data type before plotting.
2026-04-02 16:18:45,675 - matplotlib.category - INFO - Using categorical units to plot a list of strings that are all parsable as floats or dates. If these strings should be plotted as numbers, cast to the appropriate data type before plotting.
2026-04-02 16:18:45,676 - matplotlib.category - INFO - Using categorical units to plot a list of strings that are all parsable as floats or dates. If these strings should be plotted as numbers, cast to the appropriate data type before plotting.
2026-04-02 16:21:58,231 - matplotlib.category - INFO - Using categorical units to plot a list of strings that are all parsable as floats or dates. If these strings should be plotted as numbers, cast to the appropriate data type before plotting.
2026-04-02 16:21:58,232 - matplotlib.category - INFO - Using categorical units to plot a list of strings that are all parsable as floats or dates. If these strings should be plotted as numbers, cast to the appropriate data type before plotting.
2026-04-02 16:21:58,233 - matplotlib.category - INFO - Using categorical units to plot a list of strings that are all parsable as floats or dates. If these strings should be plotted as numbers, cast to the appropriate data type before plotting.
2026-04-02 16:21:58,236 - matplotlib.category - INFO - Using categorical units to plot a list of strings that are all parsable as floats or dates. If these strings should be plotted as numbers, cast to the appropriate data type before plotting.
2026-04-02 16:25:03,308 - matplotlib.category - INFO - Using categorical units to plot a list of strings that are all parsable as floats or dates. If these strings should be plotted as numbers, cast to the appropriate data type before plotting.
2026-04-02 16:25:03,308 - matplotlib.category - INFO - Using categorical units to plot a list of strings that are all parsable as floats or dates. If these strings should be plotted as numbers, cast to the appropriate data type before plotting.
2026-04-02 16:25:03,310 - matplotlib.category - INFO - Using categorical units to plot a list of strings that are all parsable as floats or dates. If these strings should be plotted as numbers, cast to the appropriate data type before plotting.
2026-04-02 16:25:03,311 - matplotlib.category - INFO - Using categorical units to plot a list of strings that are all parsable as floats or dates. If these strings should be plotted as numbers, cast to the appropriate data type before plotting.
2026-04-02 16:25:12,046 - matplotlib.category - INFO - Using categorical units to plot a list of strings that are all parsable as floats or dates. If these strings should be plotted as numbers, cast to the appropriate data type before plotting.
2026-04-02 16:25:12,047 - matplotlib.category - INFO - Using categorical units to plot a list of strings that are all parsable as floats or dates. If these strings should be plotted as numbers, cast to the appropriate data type before plotting.
2026-04-02 16:25:12,049 - matplotlib.category - INFO - Using categorical units to plot a list of strings that are all parsable as floats or dates. If these strings should be plotted as numbers, cast to the appropriate data type before plotting.
2026-04-02 16:25:12,049 - matplotlib.category - INFO - Using categorical units to plot a list of strings that are all parsable as floats or dates. If these strings should be plotted as numbers, cast to the appropriate data type before plotting.
2026-04-02 16:26:06,500 - matplotlib.category - INFO - Using categorical units to plot a list of strings that are all parsable as floats or dates. If these strings should be plotted as numbers, cast to the appropriate data type before plotting.
2026-04-02 16:26:06,501 - matplotlib.category - INFO - Using categorical units to plot a list of strings that are all parsable as floats or dates. If these strings should be plotted as numbers, cast to the appropriate data type before plotting.
2026-04-02 16:26:06,503 - matplotlib.category - INFO - Using categorical units to plot a list of strings that are all parsable as floats or dates. If these strings should be plotted as numbers, cast to the appropriate data type before plotting.
2026-04-02 16:26:06,503 - matplotlib.category - INFO - Using categorical units to plot a list of strings that are all parsable as floats or dates. If these strings should be plotted as numbers, cast to the appropriate data type before plotting.
2026-04-02 16:26:24,506 - matplotlib.category - INFO - Using categorical units to plot a list of strings that are all parsable as floats or dates. If these strings should be plotted as numbers, cast to the appropriate data type before plotting.
2026-04-02 16:26:24,507 - matplotlib.category - INFO - Using categorical units to plot a list of strings that are all parsable as floats or dates. If these strings should be plotted as numbers, cast to the appropriate data type before plotting.
2026-04-02 16:26:24,511 - matplotlib.category - INFO - Using categorical units to plot a list of strings that are all parsable as floats or dates. If these strings should be plotted as numbers, cast to the appropriate data type before plotting.
2026-04-02 16:26:24,512 - matplotlib.category - INFO - Using categorical units to plot a list of strings that are all parsable as floats or dates. If these strings should be plotted as numbers, cast to the appropriate data type before plotting.
2026-04-02 16:26:40,346 - matplotlib.category - INFO - Using categorical units to plot a list of strings that are all parsable as floats or dates. If these strings should be plotted as numbers, cast to the appropriate data type before plotting.
2026-04-02 16:26:40,347 - matplotlib.category - INFO - Using categorical units to plot a list of strings that are all parsable as floats or dates. If these strings should be plotted as numbers, cast to the appropriate data type before plotting.
2026-04-02 16:26:40,349 - matplotlib.category - INFO - Using categorical units to plot a list of strings that are all parsable as floats or dates. If these strings should be plotted as numbers, cast to the appropriate data type before plotting.
2026-04-02 16:26:40,349 - matplotlib.category - INFO - Using categorical units to plot a list of strings that are all parsable as floats or dates. If these strings should be plotted as numbers, cast to the appropriate data type before plotting.
2026-04-02 16:26:50,625 - __main__ - INFO - Usuario Administrador cerro sesion
2026-04-02 16:26:50,776 - __main__ - INFO - Pantalla de login mostrada
2026-04-02 16:27:06,685 - __main__ - INFO - Intento de autenticacion para usuario: admin
2026-04-02 16:27:06,946 - __main__ - INFO - Usuario autenticado: admin (Rol: Administrador)
2026-04-02 16:27:06,991 - __main__ - INFO - Mostrando interfaz principal
2026-04-02 16:27:07,111 - matplotlib.category - INFO - Using categorical units to plot a list of strings that are all parsable as floats or dates. If these strings should be plotted as numbers, cast to the appropriate data type before plotting.
2026-04-02 16:27:07,113 - matplotlib.category - INFO - Using categorical units to plot a list of strings that are all parsable as floats or dates. If these strings should be plotted as numbers, cast to the appropriate data type before plotting.
2026-04-02 16:27:07,116 - matplotlib.category - INFO - Using categorical units to plot a list of strings that are all parsable as floats or dates. If these strings should be plotted as numbers, cast to the appropriate data type before plotting.
2026-04-02 16:27:07,117 - matplotlib.category - INFO - Using categorical units to plot a list of strings that are all parsable as floats or dates. If these strings should be plotted as numbers, cast to the appropriate data type before plotting.
2026-04-02 16:37:09,571 - matplotlib.category - INFO - Using categorical units to plot a list of strings that are all parsable as floats or dates. If these strings should be plotted as numbers, cast to the appropriate data type before plotting.
2026-04-02 16:37:09,572 - matplotlib.category - INFO - Using categorical units to plot a list of strings that are all parsable as floats or dates. If these strings should be plotted as numbers, cast to the appropriate data type before plotting.
2026-04-02 16:37:09,573 - matplotlib.category - INFO - Using categorical units to plot a list of strings that are all parsable as floats or dates. If these strings should be plotted as numbers, cast to the appropriate data type before plotting.
2026-04-02 16:37:09,574 - matplotlib.category - INFO - Using categorical units to plot a list of strings that are all parsable as floats or dates. If these strings should be plotted as numbers, cast to the appropriate data type before plotting.
2026-04-02 16:37:12,794 - matplotlib.category - INFO - Using categorical units to plot a list of strings that are all parsable as floats or dates. If these strings should be plotted as numbers, cast to the appropriate data type before plotting.
2026-04-02 16:37:12,796 - matplotlib.category - INFO - Using categorical units to plot a list of strings that are all parsable as floats or dates. If these strings should be plotted as numbers, cast to the appropriate data type before plotting.
2026-04-02 16:37:12,799 - matplotlib.category - INFO - Using categorical units to plot a list of strings that are all parsable as floats or dates. If these strings should be plotted as numbers, cast to the appropriate data type before plotting.
2026-04-02 16:37:12,801 - matplotlib.category - INFO - Using categorical units to plot a list of strings that are all parsable as floats or dates. If these strings should be plotted as numbers, cast to the appropriate data type before plotting.
2026-04-02 16:37:21,529 - matplotlib.category - INFO - Using categorical units to plot a list of strings that are all parsable as floats or dates. If these strings should be plotted as numbers, cast to the appropriate data type before plotting.
2026-04-02 16:37:21,530 - matplotlib.category - INFO - Using categorical units to plot a list of strings that are all parsable as floats or dates. If these strings should be plotted as numbers, cast to the appropriate data type before plotting.
2026-04-02 16:37:21,531 - matplotlib.category - INFO - Using categorical units to plot a list of strings that are all parsable as floats or dates. If these strings should be plotted as numbers, cast to the appropriate data type before plotting.
2026-04-02 16:37:21,532 - matplotlib.category - INFO - Using categorical units to plot a list of strings that are all parsable as floats or dates. If these strings should be plotted as numbers, cast to the appropriate data type before plotting.
2026-04-02 16:38:49,328 - matplotlib.category - INFO - Using categorical units to plot a list of strings that are all parsable as floats or dates. If these strings should be plotted as numbers, cast to the appropriate data type before plotting.
2026-04-02 16:38:49,329 - matplotlib.category - INFO - Using categorical units to plot a list of strings that are all parsable as floats or dates. If these strings should be plotted as numbers, cast to the appropriate data type before plotting.
2026-04-02 16:38:49,331 - matplotlib.category - INFO - Using categorical units to plot a list of strings that are all parsable as floats or dates. If these strings should be plotted as numbers, cast to the appropriate data type before plotting.
2026-04-02 16:38:49,331 - matplotlib.category - INFO - Using categorical units to plot a list of strings that are all parsable as floats or dates. If these strings should be plotted as numbers, cast to the appropriate data type before plotting.
2026-04-02 16:41:12,347 - matplotlib.category - INFO - Using categorical units to plot a list of strings that are all parsable as floats or dates. If these strings should be plotted as numbers, cast to the appropriate data type before plotting.
2026-04-02 16:41:12,349 - matplotlib.category - INFO - Using categorical units to plot a list of strings that are all parsable as floats or dates. If these strings should be plotted as numbers, cast to the appropriate data type before plotting.
2026-04-02 16:41:12,353 - matplotlib.category - INFO - Using categorical units to plot a list of strings that are all parsable as floats or dates. If these strings should be plotted as numbers, cast to the appropriate data type before plotting.
2026-04-02 16:41:12,354 - matplotlib.category - INFO - Using categorical units to plot a list of strings that are all parsable as floats or dates. If these strings should be plotted as numbers, cast to the appropriate data type before plotting.
2026-04-02 16:44:24,129 - __main__ - INFO - Aplicacion cerrada por el usuario
2026-04-02 16:44:24,130 - __main__ - INFO - Duracion de sesion: 0:28:07.562533
2026-04-02 16:50:07,995 - __main__ - INFO - ============================================================
2026-04-02 16:50:07,995 - __main__ - INFO - Iniciando TECH SYSTEMS ERP v2.0.0
2026-04-02 16:50:07,995 - __main__ - INFO - Compañia: Tech Systems Solutions
2026-04-02 16:50:07,996 - __main__ - INFO - ============================================================
2026-04-02 16:50:08,085 - __main__ - INFO - Iniciando aplicacion ERP...
2026-04-02 16:50:08,639 - __main__ - INFO - Pantalla de login mostrada
2026-04-02 16:50:08,639 - __main__ - INFO - Aplicacion inicializada correctamente
2026-04-02 16:50:15,138 - __main__ - INFO - Intento de autenticacion para usuario: admin
2026-04-02 16:50:15,397 - __main__ - INFO - Usuario autenticado: admin (Rol: Administrador)
2026-04-02 16:50:15,416 - __main__ - INFO - Mostrando interfaz principal
2026-04-02 16:50:15,591 - matplotlib.category - INFO - Using categorical units to plot a list of strings that are all parsable as floats or dates. If these strings should be plotted as numbers, cast to the appropriate data type before plotting.
2026-04-02 16:50:15,592 - matplotlib.category - INFO - Using categorical units to plot a list of strings that are all parsable as floats or dates. If these strings should be plotted as numbers, cast to the appropriate data type before plotting.
2026-04-02 16:50:15,594 - matplotlib.category - INFO - Using categorical units to plot a list of strings that are all parsable as floats or dates. If these strings should be plotted as numbers, cast to the appropriate data type before plotting.
2026-04-02 16:50:15,594 - matplotlib.category - INFO - Using categorical units to plot a list of strings that are all parsable as floats or dates. If these strings should be plotted as numbers, cast to the appropriate data type before plotting.
2026-04-02 16:53:01,829 - matplotlib.category - INFO - Using categorical units to plot a list of strings that are all parsable as floats or dates. If these strings should be plotted as numbers, cast to the appropriate data type before plotting.
2026-04-02 16:53:01,830 - matplotlib.category - INFO - Using categorical units to plot a list of strings that are all parsable as floats or dates. If these strings should be plotted as numbers, cast to the appropriate data type before plotting.
2026-04-02 16:53:01,832 - matplotlib.category - INFO - Using categorical units to plot a list of strings that are all parsable as floats or dates. If these strings should be plotted as numbers, cast to the appropriate data type before plotting.
2026-04-02 16:53:01,832 - matplotlib.category - INFO - Using categorical units to plot a list of strings that are all parsable as floats or dates. If these strings should be plotted as numbers, cast to the appropriate data type before plotting.
2026-04-02 16:56:49,163 - matplotlib.category - INFO - Using categorical units to plot a list of strings that are all parsable as floats or dates. If these strings should be plotted as numbers, cast to the appropriate data type before plotting.
2026-04-02 16:56:49,164 - matplotlib.category - INFO - Using categorical units to plot a list of strings that are all parsable as floats or dates. If these strings should be plotted as numbers, cast to the appropriate data type before plotting.
2026-04-02 16:56:49,165 - matplotlib.category - INFO - Using categorical units to plot a list of strings that are all parsable as floats or dates. If these strings should be plotted as numbers, cast to the appropriate data type before plotting.
2026-04-02 16:56:49,166 - matplotlib.category - INFO - Using categorical units to plot a list of strings that are all parsable as floats or dates. If these strings should be plotted as numbers, cast to the appropriate data type before plotting.
2026-04-02 17:01:30,424 - matplotlib.category - INFO - Using categorical units to plot a list of strings that are all parsable as floats or dates. If these strings should be plotted as numbers, cast to the appropriate data type before plotting.
2026-04-02 17:01:30,426 - matplotlib.category - INFO - Using categorical units to plot a list of strings that are all parsable as floats or dates. If these strings should be plotted as numbers, cast to the appropriate data type before plotting.
2026-04-02 17:01:30,430 - matplotlib.category - INFO - Using categorical units to plot a list of strings that are all parsable as floats or dates. If these strings should be plotted as numbers, cast to the appropriate data type before plotting.
2026-04-02 17:01:30,431 - matplotlib.category - INFO - Using categorical units to plot a list of strings that are all parsable as floats or dates. If these strings should be plotted as numbers, cast to the appropriate data type before plotting.
2026-04-02 17:01:33,145 - __main__ - INFO - Aplicacion cerrada por el usuario
2026-04-02 17:01:33,145 - __main__ - INFO - Duracion de sesion: 0:11:25.007188
2026-04-02 17:02:27,943 - __main__ - INFO - ============================================================
2026-04-02 17:02:27,943 - __main__ - INFO - Iniciando TECH SYSTEMS ERP v2.0.0
2026-04-02 17:02:27,943 - __main__ - INFO - Compañia: Tech Systems Solutions
2026-04-02 17:02:27,944 - __main__ - INFO - ============================================================
2026-04-02 17:02:28,053 - __main__ - INFO - Iniciando aplicacion ERP...
2026-04-02 17:02:28,512 - __main__ - INFO - Pantalla de login mostrada
2026-04-02 17:02:28,512 - __main__ - INFO - Aplicacion inicializada correctamente
2026-04-02 17:03:57,907 - __main__ - INFO - Aplicacion cerrada por el usuario
2026-04-02 17:05:11,042 - __main__ - INFO - ============================================================
2026-04-02 17:05:11,043 - __main__ - INFO - Iniciando TECH SYSTEMS ERP v2.0.0
2026-04-02 17:05:11,043 - __main__ - INFO - Compañia: Tech Systems Solutions
2026-04-02 17:05:11,043 - __main__ - INFO - ============================================================
2026-04-02 17:05:11,161 - __main__ - INFO - Iniciando aplicacion ERP...
2026-04-02 17:05:11,655 - __main__ - INFO - Pantalla de login mostrada
2026-04-02 17:05:11,655 - __main__ - INFO - Aplicacion inicializada correctamente
2026-04-02 17:05:17,135 - __main__ - INFO - Intento de autenticacion para usuario: admin
2026-04-02 17:05:17,402 - __main__ - INFO - Usuario autenticado: admin (Rol: Administrador)
2026-04-02 17:05:17,416 - __main__ - INFO - Mostrando interfaz principal
2026-04-02 17:05:17,586 - matplotlib.category - INFO - Using categorical units to plot a list of strings that are all parsable as floats or dates. If these strings should be plotted as numbers, cast to the appropriate data type before plotting.
2026-04-02 17:05:17,587 - matplotlib.category - INFO - Using categorical units to plot a list of strings that are all parsable as floats or dates. If these strings should be plotted as numbers, cast to the appropriate data type before plotting.
2026-04-02 17:05:17,589 - matplotlib.category - INFO - Using categorical units to plot a list of strings that are all parsable as floats or dates. If these strings should be plotted as numbers, cast to the appropriate data type before plotting.
2026-04-02 17:05:17,589 - matplotlib.category - INFO - Using categorical units to plot a list of strings that are all parsable as floats or dates. If these strings should be plotted as numbers, cast to the appropriate data type before plotting.
2026-04-02 17:12:44,254 - matplotlib.category - INFO - Using categorical units to plot a list of strings that are all parsable as floats or dates. If these strings should be plotted as numbers, cast to the appropriate data type before plotting.
2026-04-02 17:12:44,255 - matplotlib.category - INFO - Using categorical units to plot a list of strings that are all parsable as floats or dates. If these strings should be plotted as numbers, cast to the appropriate data type before plotting.
2026-04-02 17:12:44,257 - matplotlib.category - INFO - Using categorical units to plot a list of strings that are all parsable as floats or dates. If these strings should be plotted as numbers, cast to the appropriate data type before plotting.
2026-04-02 17:12:44,258 - matplotlib.category - INFO - Using categorical units to plot a list of strings that are all parsable as floats or dates. If these strings should be plotted as numbers, cast to the appropriate data type before plotting.
2026-04-02 17:12:46,538 - __main__ - INFO - Aplicacion cerrada por el usuario
2026-04-02 17:12:46,538 - __main__ - INFO - Duracion de sesion: 0:07:35.342622
2026-04-02 17:14:35,967 - __main__ - INFO - ============================================================
2026-04-02 17:14:35,967 - __main__ - INFO - Iniciando TECH SYSTEMS ERP v2.0.0
2026-04-02 17:14:35,968 - __main__ - INFO - Compañia: Tech Systems Solutions
2026-04-02 17:14:35,968 - __main__ - INFO - ============================================================
2026-04-02 17:14:36,077 - __main__ - INFO - Iniciando aplicacion ERP...
2026-04-02 17:14:36,537 - __main__ - INFO - Pantalla de login mostrada
2026-04-02 17:14:36,537 - __main__ - INFO - Aplicacion inicializada correctamente
2026-04-02 17:14:41,854 - __main__ - INFO - Intento de autenticacion para usuario: admin
2026-04-02 17:14:42,120 - __main__ - INFO - Usuario autenticado: admin (Rol: Administrador)
2026-04-02 17:14:42,137 - __main__ - INFO - Mostrando interfaz principal
2026-04-02 17:14:42,325 - matplotlib.category - INFO - Using categorical units to plot a list of strings that are all parsable as floats or dates. If these strings should be plotted as numbers, cast to the appropriate data type before plotting.
2026-04-02 17:14:42,326 - matplotlib.category - INFO - Using categorical units to plot a list of strings that are all parsable as floats or dates. If these strings should be plotted as numbers, cast to the appropriate data type before plotting.
2026-04-02 17:14:42,328 - matplotlib.category - INFO - Using categorical units to plot a list of strings that are all parsable as floats or dates. If these strings should be plotted as numbers, cast to the appropriate data type before plotting.
2026-04-02 17:14:42,329 - matplotlib.category - INFO - Using categorical units to plot a list of strings that are all parsable as floats or dates. If these strings should be plotted as numbers, cast to the appropriate data type before plotting.
2026-04-02 17:14:47,183 - matplotlib.category - INFO - Using categorical units to plot a list of strings that are all parsable as floats or dates. If these strings should be plotted as numbers, cast to the appropriate data type before plotting.
2026-04-02 17:14:47,185 - matplotlib.category - INFO - Using categorical units to plot a list of strings that are all parsable as floats or dates. If these strings should be plotted as numbers, cast to the appropriate data type before plotting.
2026-04-02 17:14:47,188 - matplotlib.category - INFO - Using categorical units to plot a list of strings that are all parsable as floats or dates. If these strings should be plotted as numbers, cast to the appropriate data type before plotting.
2026-04-02 17:14:47,189 - matplotlib.category - INFO - Using categorical units to plot a list of strings that are all parsable as floats or dates. If these strings should be plotted as numbers, cast to the appropriate data type before plotting.
2026-04-02 17:14:49,172 - matplotlib.category - INFO - Using categorical units to plot a list of strings that are all parsable as floats or dates. If these strings should be plotted as numbers, cast to the appropriate data type before plotting.
2026-04-02 17:14:49,173 - matplotlib.category - INFO - Using categorical units to plot a list of strings that are all parsable as floats or dates. If these strings should be plotted as numbers, cast to the appropriate data type before plotting.
2026-04-02 17:14:49,175 - matplotlib.category - INFO - Using categorical units to plot a list of strings that are all parsable as floats or dates. If these strings should be plotted as numbers, cast to the appropriate data type before plotting.
2026-04-02 17:14:49,175 - matplotlib.category - INFO - Using categorical units to plot a list of strings that are all parsable as floats or dates. If these strings should be plotted as numbers, cast to the appropriate data type before plotting.
2026-04-02 17:14:53,021 - matplotlib.category - INFO - Using categorical units to plot a list of strings that are all parsable as floats or dates. If these strings should be plotted as numbers, cast to the appropriate data type before plotting.
2026-04-02 17:14:53,022 - matplotlib.category - INFO - Using categorical units to plot a list of strings that are all parsable as floats or dates. If these strings should be plotted as numbers, cast to the appropriate data type before plotting.
2026-04-02 17:14:53,023 - matplotlib.category - INFO - Using categorical units to plot a list of strings that are all parsable as floats or dates. If these strings should be plotted as numbers, cast to the appropriate data type before plotting.
2026-04-02 17:14:53,024 - matplotlib.category - INFO - Using categorical units to plot a list of strings that are all parsable as floats or dates. If these strings should be plotted as numbers, cast to the appropriate data type before plotting.
2026-04-02 17:20:03,031 - matplotlib.category - INFO - Using categorical units to plot a list of strings that are all parsable as floats or dates. If these strings should be plotted as numbers, cast to the appropriate data type before plotting.
2026-04-02 17:20:03,032 - matplotlib.category - INFO - Using categorical units to plot a list of strings that are all parsable as floats or dates. If these strings should be plotted as numbers, cast to the appropriate data type before plotting.
2026-04-02 17:20:03,034 - matplotlib.category - INFO - Using categorical units to plot a list of strings that are all parsable as floats or dates. If these strings should be plotted as numbers, cast to the appropriate data type before plotting.
2026-04-02 17:20:03,037 - matplotlib.category - INFO - Using categorical units to plot a list of strings that are all parsable as floats or dates. If these strings should be plotted as numbers, cast to the appropriate data type before plotting.
2026-04-02 17:20:05,491 - __main__ - INFO - Aplicacion cerrada por el usuario
2026-04-02 17:20:05,491 - __main__ - INFO - Duracion de sesion: 0:05:29.360575
2026-04-02 17:33:02,404 - __main__ - INFO - ============================================================
2026-04-02 17:33:02,405 - __main__ - INFO - Iniciando TECH SYSTEMS ERP v2.0.0
2026-04-02 17:33:02,405 - __main__ - INFO - Compañia: Tech Systems Solutions
2026-04-02 17:33:02,405 - __main__ - INFO - ============================================================
2026-04-02 17:33:02,521 - __main__ - INFO - Iniciando aplicacion ERP...
2026-04-02 17:33:02,984 - __main__ - INFO - Pantalla de login mostrada
2026-04-02 17:33:02,985 - __main__ - INFO - Aplicacion inicializada correctamente
2026-04-02 17:33:07,885 - __main__ - INFO - Intento de autenticacion para usuario: admin
2026-04-02 17:33:08,250 - __main__ - INFO - Usuario autenticado: admin (Rol: Administrador)
2026-04-02 17:33:08,267 - __main__ - INFO - Mostrando interfaz principal
2026-04-02 17:33:08,450 - matplotlib.category - INFO - Using categorical units to plot a list of strings that are all parsable as floats or dates. If these strings should be plotted as numbers, cast to the appropriate data type before plotting.
2026-04-02 17:33:08,450 - matplotlib.category - INFO - Using categorical units to plot a list of strings that are all parsable as floats or dates. If these strings should be plotted as numbers, cast to the appropriate data type before plotting.
2026-04-02 17:33:08,452 - matplotlib.category - INFO - Using categorical units to plot a list of strings that are all parsable as floats or dates. If these strings should be plotted as numbers, cast to the appropriate data type before plotting.
2026-04-02 17:33:08,453 - matplotlib.category - INFO - Using categorical units to plot a list of strings that are all parsable as floats or dates. If these strings should be plotted as numbers, cast to the appropriate data type before plotting.
2026-04-02 17:47:49,704 - matplotlib.category - INFO - Using categorical units to plot a list of strings that are all parsable as floats or dates. If these strings should be plotted as numbers, cast to the appropriate data type before plotting.
2026-04-02 17:47:49,708 - matplotlib.category - INFO - Using categorical units to plot a list of strings that are all parsable as floats or dates. If these strings should be plotted as numbers, cast to the appropriate data type before plotting.
2026-04-02 17:47:49,713 - matplotlib.category - INFO - Using categorical units to plot a list of strings that are all parsable as floats or dates. If these strings should be plotted as numbers, cast to the appropriate data type before plotting.
2026-04-02 17:47:49,714 - matplotlib.category - INFO - Using categorical units to plot a list of strings that are all parsable as floats or dates. If these strings should be plotted as numbers, cast to the appropriate data type before plotting.
2026-04-02 17:47:52,013 - __main__ - INFO - Aplicacion cerrada por el usuario
2026-04-02 17:47:52,014 - __main__ - INFO - Duracion de sesion: 0:14:49.441597
2026-04-02 17:52:53,264 - __main__ - INFO - ============================================================
2026-04-02 17:52:53,265 - __main__ - INFO - Iniciando TECH SYSTEMS ERP v2.0.0
2026-04-02 17:52:53,265 - __main__ - INFO - Compañia: Tech Systems Solutions
2026-04-02 17:52:53,265 - __main__ - INFO - ============================================================
2026-04-02 17:52:53,360 - __main__ - INFO - Iniciando aplicacion ERP...
2026-04-02 17:52:53,777 - __main__ - INFO - Pantalla de login mostrada
2026-04-02 17:52:53,777 - __main__ - INFO - Aplicacion inicializada correctamente
2026-04-02 17:52:59,260 - __main__ - INFO - Intento de autenticacion para usuario: admin
2026-04-02 17:52:59,501 - __main__ - INFO - Usuario autenticado: admin (Rol: Administrador)
2026-04-02 17:52:59,516 - __main__ - INFO - Mostrando interfaz principal
2026-04-02 17:52:59,671 - matplotlib.category - INFO - Using categorical units to plot a list of strings that are all parsable as floats or dates. If these strings should be plotted as numbers, cast to the appropriate data type before plotting.
2026-04-02 17:52:59,672 - matplotlib.category - INFO - Using categorical units to plot a list of strings that are all parsable as floats or dates. If these strings should be plotted as numbers, cast to the appropriate data type before plotting.
2026-04-02 17:52:59,674 - matplotlib.category - INFO - Using categorical units to plot a list of strings that are all parsable as floats or dates. If these strings should be plotted as numbers, cast to the appropriate data type before plotting.
2026-04-02 17:52:59,675 - matplotlib.category - INFO - Using categorical units to plot a list of strings that are all parsable as floats or dates. If these strings should be plotted as numbers, cast to the appropriate data type before plotting.
2026-04-02 17:55:05,564 - matplotlib.category - INFO - Using categorical units to plot a list of strings that are all parsable as floats or dates. If these strings should be plotted as numbers, cast to the appropriate data type before plotting.
2026-04-02 17:55:05,571 - matplotlib.category - INFO - Using categorical units to plot a list of strings that are all parsable as floats or dates. If these strings should be plotted as numbers, cast to the appropriate data type before plotting.
2026-04-02 17:55:05,580 - matplotlib.category - INFO - Using categorical units to plot a list of strings that are all parsable as floats or dates. If these strings should be plotted as numbers, cast to the appropriate data type before plotting.
2026-04-02 17:55:05,593 - matplotlib.category - INFO - Using categorical units to plot a list of strings that are all parsable as floats or dates. If these strings should be plotted as numbers, cast to the appropriate data type before plotting.
2026-04-02 17:55:07,943 - __main__ - INFO - Aplicacion cerrada por el usuario
2026-04-02 17:55:07,943 - __main__ - INFO - Duracion de sesion: 0:02:14.531027
2026-04-02 17:56:23,622 - __main__ - INFO - ============================================================
2026-04-02 17:56:23,622 - __main__ - INFO - Iniciando TECH SYSTEMS ERP v2.0.0
2026-04-02 17:56:23,622 - __main__ - INFO - Compañia: Tech Systems Solutions
2026-04-02 17:56:23,623 - __main__ - INFO - ============================================================
2026-04-02 17:56:23,716 - __main__ - INFO - Iniciando aplicacion ERP...
2026-04-02 17:56:24,146 - __main__ - INFO - Pantalla de login mostrada
2026-04-02 17:56:24,147 - __main__ - INFO - Aplicacion inicializada correctamente
2026-04-02 17:56:29,715 - __main__ - INFO - Intento de autenticacion para usuario: admin
2026-04-02 17:56:29,951 - __main__ - INFO - Usuario autenticado: admin (Rol: Administrador)
2026-04-02 17:56:29,967 - __main__ - INFO - Mostrando interfaz principal
2026-04-02 17:56:30,112 - matplotlib.category - INFO - Using categorical units to plot a list of strings that are all parsable as floats or dates. If these strings should be plotted as numbers, cast to the appropriate data type before plotting.
2026-04-02 17:56:30,113 - matplotlib.category - INFO - Using categorical units to plot a list of strings that are all parsable as floats or dates. If these strings should be plotted as numbers, cast to the appropriate data type before plotting.
2026-04-02 17:56:30,115 - matplotlib.category - INFO - Using categorical units to plot a list of strings that are all parsable as floats or dates. If these strings should be plotted as numbers, cast to the appropriate data type before plotting.
2026-04-02 17:56:30,116 - matplotlib.category - INFO - Using categorical units to plot a list of strings that are all parsable as floats or dates. If these strings should be plotted as numbers, cast to the appropriate data type before plotting.
2026-04-02 18:10:18,812 - matplotlib.category - INFO - Using categorical units to plot a list of strings that are all parsable as floats or dates. If these strings should be plotted as numbers, cast to the appropriate data type before plotting.
2026-04-02 18:10:18,813 - matplotlib.category - INFO - Using categorical units to plot a list of strings that are all parsable as floats or dates. If these strings should be plotted as numbers, cast to the appropriate data type before plotting.
2026-04-02 18:10:18,815 - matplotlib.category - INFO - Using categorical units to plot a list of strings that are all parsable as floats or dates. If these strings should be plotted as numbers, cast to the appropriate data type before plotting.
2026-04-02 18:10:18,816 - matplotlib.category - INFO - Using categorical units to plot a list of strings that are all parsable as floats or dates. If these strings should be plotted as numbers, cast to the appropriate data type before plotting.
2026-04-02 18:10:21,155 - __main__ - INFO - Aplicacion cerrada por el usuario
2026-04-02 18:10:21,155 - __main__ - INFO - Duracion de sesion: 0:13:57.374975
2026-04-02 18:13:25,487 - __main__ - INFO - ============================================================
2026-04-02 18:13:25,488 - __main__ - INFO - Iniciando TECH SYSTEMS ERP v2.0.0
2026-04-02 18:13:25,488 - __main__ - INFO - Compañia: Tech Systems Solutions
2026-04-02 18:13:25,488 - __main__ - INFO - ============================================================
2026-04-02 18:13:25,650 - __main__ - INFO - Iniciando aplicacion ERP...
2026-04-02 18:13:26,061 - __main__ - INFO - Pantalla de login mostrada
2026-04-02 18:13:26,062 - __main__ - INFO - Aplicacion inicializada correctamente
2026-04-02 18:13:31,382 - __main__ - INFO - Intento de autenticacion para usuario: admin
2026-04-02 18:13:31,608 - __main__ - INFO - Usuario autenticado: admin (Rol: Administrador)
2026-04-02 18:13:31,627 - __main__ - INFO - Mostrando interfaz principal
2026-04-02 18:13:31,774 - matplotlib.category - INFO - Using categorical units to plot a list of strings that are all parsable as floats or dates. If these strings should be plotted as numbers, cast to the appropriate data type before plotting.
2026-04-02 18:13:31,774 - matplotlib.category - INFO - Using categorical units to plot a list of strings that are all parsable as floats or dates. If these strings should be plotted as numbers, cast to the appropriate data type before plotting.
2026-04-02 18:13:31,776 - matplotlib.category - INFO - Using categorical units to plot a list of strings that are all parsable as floats or dates. If these strings should be plotted as numbers, cast to the appropriate data type before plotting.
2026-04-02 18:13:31,777 - matplotlib.category - INFO - Using categorical units to plot a list of strings that are all parsable as floats or dates. If these strings should be plotted as numbers, cast to the appropriate data type before plotting.
2026-04-02 18:14:42,906 - matplotlib.category - INFO - Using categorical units to plot a list of strings that are all parsable as floats or dates. If these strings should be plotted as numbers, cast to the appropriate data type before plotting.
2026-04-02 18:14:42,907 - matplotlib.category - INFO - Using categorical units to plot a list of strings that are all parsable as floats or dates. If these strings should be plotted as numbers, cast to the appropriate data type before plotting.
2026-04-02 18:14:42,909 - matplotlib.category - INFO - Using categorical units to plot a list of strings that are all parsable as floats or dates. If these strings should be plotted as numbers, cast to the appropriate data type before plotting.
2026-04-02 18:14:42,910 - matplotlib.category - INFO - Using categorical units to plot a list of strings that are all parsable as floats or dates. If these strings should be plotted as numbers, cast to the appropriate data type before plotting.
2026-04-02 18:21:15,076 - matplotlib.category - INFO - Using categorical units to plot a list of strings that are all parsable as floats or dates. If these strings should be plotted as numbers, cast to the appropriate data type before plotting.
2026-04-02 18:21:15,077 - matplotlib.category - INFO - Using categorical units to plot a list of strings that are all parsable as floats or dates. If these strings should be plotted as numbers, cast to the appropriate data type before plotting.
2026-04-02 18:21:15,079 - matplotlib.category - INFO - Using categorical units to plot a list of strings that are all parsable as floats or dates. If these strings should be plotted as numbers, cast to the appropriate data type before plotting.
2026-04-02 18:21:15,079 - matplotlib.category - INFO - Using categorical units to plot a list of strings that are all parsable as floats or dates. If these strings should be plotted as numbers, cast to the appropriate data type before plotting.
2026-04-02 18:26:19,287 - __main__ - INFO - Aplicacion cerrada por el usuario
2026-04-02 18:26:19,288 - __main__ - INFO - Duracion de sesion: 0:12:53.585512
2026-04-02 18:40:57,775 - __main__ - INFO - ============================================================
2026-04-02 18:40:57,775 - __main__ - INFO - Iniciando TECH SYSTEMS ERP v2.0.0
2026-04-02 18:40:57,775 - __main__ - INFO - CompaÃ±ia: Tech Systems Solutions
2026-04-02 18:40:57,775 - __main__ - INFO - ============================================================
2026-04-02 18:40:57,902 - __main__ - INFO - Iniciando aplicacion ERP...
2026-04-02 18:40:58,039 - __main__ - INFO - Pantalla de login mostrada
2026-04-02 18:40:58,039 - __main__ - INFO - Aplicacion inicializada correctamente
2026-04-02 18:41:02,632 - __main__ - INFO - Intento de autenticacion para usuario: admin
2026-04-02 18:41:02,953 - __main__ - INFO - Usuario autenticado: admin (Rol: Administrador)
2026-04-02 18:41:02,967 - __main__ - INFO - Mostrando interfaz principal
2026-04-02 18:41:03,120 - matplotlib.category - INFO - Using categorical units to plot a list of strings that are all parsable as floats or dates. If these strings should be plotted as numbers, cast to the appropriate data type before plotting.
2026-04-02 18:41:03,120 - matplotlib.category - INFO - Using categorical units to plot a list of strings that are all parsable as floats or dates. If these strings should be plotted as numbers, cast to the appropriate data type before plotting.
2026-04-02 18:41:03,122 - matplotlib.category - INFO - Using categorical units to plot a list of strings that are all parsable as floats or dates. If these strings should be plotted as numbers, cast to the appropriate data type before plotting.
2026-04-02 18:41:03,123 - matplotlib.category - INFO - Using categorical units to plot a list of strings that are all parsable as floats or dates. If these strings should be plotted as numbers, cast to the appropriate data type before plotting.
2026-04-02 18:42:32,257 - matplotlib.category - INFO - Using categorical units to plot a list of strings that are all parsable as floats or dates. If these strings should be plotted as numbers, cast to the appropriate data type before plotting.
2026-04-02 18:42:32,258 - matplotlib.category - INFO - Using categorical units to plot a list of strings that are all parsable as floats or dates. If these strings should be plotted as numbers, cast to the appropriate data type before plotting.
2026-04-02 18:42:32,262 - matplotlib.category - INFO - Using categorical units to plot a list of strings that are all parsable as floats or dates. If these strings should be plotted as numbers, cast to the appropriate data type before plotting.
2026-04-02 18:42:32,264 - matplotlib.category - INFO - Using categorical units to plot a list of strings that are all parsable as floats or dates. If these strings should be plotted as numbers, cast to the appropriate data type before plotting.
2026-04-02 18:42:49,715 - matplotlib.category - INFO - Using categorical units to plot a list of strings that are all parsable as floats or dates. If these strings should be plotted as numbers, cast to the appropriate data type before plotting.
2026-04-02 18:42:49,716 - matplotlib.category - INFO - Using categorical units to plot a list of strings that are all parsable as floats or dates. If these strings should be plotted as numbers, cast to the appropriate data type before plotting.
2026-04-02 18:42:49,717 - matplotlib.category - INFO - Using categorical units to plot a list of strings that are all parsable as floats or dates. If these strings should be plotted as numbers, cast to the appropriate data type before plotting.
2026-04-02 18:42:49,718 - matplotlib.category - INFO - Using categorical units to plot a list of strings that are all parsable as floats or dates. If these strings should be plotted as numbers, cast to the appropriate data type before plotting.
2026-04-02 18:42:54,177 - matplotlib.category - INFO - Using categorical units to plot a list of strings that are all parsable as floats or dates. If these strings should be plotted as numbers, cast to the appropriate data type before plotting.
2026-04-02 18:42:54,178 - matplotlib.category - INFO - Using categorical units to plot a list of strings that are all parsable as floats or dates. If these strings should be plotted as numbers, cast to the appropriate data type before plotting.
2026-04-02 18:42:54,179 - matplotlib.category - INFO - Using categorical units to plot a list of strings that are all parsable as floats or dates. If these strings should be plotted as numbers, cast to the appropriate data type before plotting.
2026-04-02 18:42:54,180 - matplotlib.category - INFO - Using categorical units to plot a list of strings that are all parsable as floats or dates. If these strings should be plotted as numbers, cast to the appropriate data type before plotting.
2026-04-02 18:43:19,582 - matplotlib.category - INFO - Using categorical units to plot a list of strings that are all parsable as floats or dates. If these strings should be plotted as numbers, cast to the appropriate data type before plotting.
2026-04-02 18:43:19,584 - matplotlib.category - INFO - Using categorical units to plot a list of strings that are all parsable as floats or dates. If these strings should be plotted as numbers, cast to the appropriate data type before plotting.
2026-04-02 18:43:19,585 - matplotlib.category - INFO - Using categorical units to plot a list of strings that are all parsable as floats or dates. If these strings should be plotted as numbers, cast to the appropriate data type before plotting.
2026-04-02 18:43:19,586 - matplotlib.category - INFO - Using categorical units to plot a list of strings that are all parsable as floats or dates. If these strings should be plotted as numbers, cast to the appropriate data type before plotting.
2026-04-02 18:43:26,763 - matplotlib.category - INFO - Using categorical units to plot a list of strings that are all parsable as floats or dates. If these strings should be plotted as numbers, cast to the appropriate data type before plotting.
2026-04-02 18:43:26,764 - matplotlib.category - INFO - Using categorical units to plot a list of strings that are all parsable as floats or dates. If these strings should be plotted as numbers, cast to the appropriate data type before plotting.
2026-04-02 18:43:26,767 - matplotlib.category - INFO - Using categorical units to plot a list of strings that are all parsable as floats or dates. If these strings should be plotted as numbers, cast to the appropriate data type before plotting.
2026-04-02 18:43:26,769 - matplotlib.category - INFO - Using categorical units to plot a list of strings that are all parsable as floats or dates. If these strings should be plotted as numbers, cast to the appropriate data type before plotting.
2026-04-02 18:45:29,641 - matplotlib.category - INFO - Using categorical units to plot a list of strings that are all parsable as floats or dates. If these strings should be plotted as numbers, cast to the appropriate data type before plotting.
2026-04-02 18:45:29,642 - matplotlib.category - INFO - Using categorical units to plot a list of strings that are all parsable as floats or dates. If these strings should be plotted as numbers, cast to the appropriate data type before plotting.
2026-04-02 18:45:29,644 - matplotlib.category - INFO - Using categorical units to plot a list of strings that are all parsable as floats or dates. If these strings should be plotted as numbers, cast to the appropriate data type before plotting.
2026-04-02 18:45:29,644 - matplotlib.category - INFO - Using categorical units to plot a list of strings that are all parsable as floats or dates. If these strings should be plotted as numbers, cast to the appropriate data type before plotting.
2026-04-02 18:45:58,881 - __main__ - INFO - Aplicacion cerrada por el usuario
2026-04-02 18:45:58,883 - __main__ - INFO - Duracion de sesion: 0:05:00.926303
2026-04-02 18:51:21,669 - __main__ - INFO - ============================================================
2026-04-02 18:51:21,669 - __main__ - INFO - Iniciando TECH SYSTEMS ERP v2.0.0
2026-04-02 18:51:21,670 - __main__ - INFO - CompaÃ±ia: Tech Systems Solutions
2026-04-02 18:51:21,670 - __main__ - INFO - ============================================================
2026-04-02 18:51:21,968 - __main__ - INFO - Iniciando aplicacion ERP...
2026-04-02 18:51:22,171 - __main__ - INFO - Pantalla de login mostrada
2026-04-02 18:51:22,171 - __main__ - INFO - Aplicacion inicializada correctamente
2026-04-02 18:51:27,855 - __main__ - INFO - Intento de autenticacion para usuario: admin
2026-04-02 18:51:28,092 - __main__ - INFO - Usuario autenticado: admin (Rol: Administrador)
2026-04-02 18:51:28,109 - __main__ - INFO - Mostrando interfaz principal
2026-04-02 18:51:28,231 - matplotlib.category - INFO - Using categorical units to plot a list of strings that are all parsable as floats or dates. If these strings should be plotted as numbers, cast to the appropriate data type before plotting.
2026-04-02 18:51:28,232 - matplotlib.category - INFO - Using categorical units to plot a list of strings that are all parsable as floats or dates. If these strings should be plotted as numbers, cast to the appropriate data type before plotting.
2026-04-02 18:51:28,233 - matplotlib.category - INFO - Using categorical units to plot a list of strings that are all parsable as floats or dates. If these strings should be plotted as numbers, cast to the appropriate data type before plotting.
2026-04-02 18:51:28,234 - matplotlib.category - INFO - Using categorical units to plot a list of strings that are all parsable as floats or dates. If these strings should be plotted as numbers, cast to the appropriate data type before plotting.
2026-04-02 18:52:36,863 - matplotlib.category - INFO - Using categorical units to plot a list of strings that are all parsable as floats or dates. If these strings should be plotted as numbers, cast to the appropriate data type before plotting.
2026-04-02 18:52:36,865 - matplotlib.category - INFO - Using categorical units to plot a list of strings that are all parsable as floats or dates. If these strings should be plotted as numbers, cast to the appropriate data type before plotting.
2026-04-02 18:52:36,867 - matplotlib.category - INFO - Using categorical units to plot a list of strings that are all parsable as floats or dates. If these strings should be plotted as numbers, cast to the appropriate data type before plotting.
2026-04-02 18:52:36,868 - matplotlib.category - INFO - Using categorical units to plot a list of strings that are all parsable as floats or dates. If these strings should be plotted as numbers, cast to the appropriate data type before plotting.
2026-04-02 18:53:09,764 - matplotlib.category - INFO - Using categorical units to plot a list of strings that are all parsable as floats or dates. If these strings should be plotted as numbers, cast to the appropriate data type before plotting.
2026-04-02 18:53:09,765 - matplotlib.category - INFO - Using categorical units to plot a list of strings that are all parsable as floats or dates. If these strings should be plotted as numbers, cast to the appropriate data type before plotting.
2026-04-02 18:53:09,767 - matplotlib.category - INFO - Using categorical units to plot a list of strings that are all parsable as floats or dates. If these strings should be plotted as numbers, cast to the appropriate data type before plotting.
2026-04-02 18:53:09,768 - matplotlib.category - INFO - Using categorical units to plot a list of strings that are all parsable as floats or dates. If these strings should be plotted as numbers, cast to the appropriate data type before plotting.
2026-04-02 18:53:16,602 - matplotlib.category - INFO - Using categorical units to plot a list of strings that are all parsable as floats or dates. If these strings should be plotted as numbers, cast to the appropriate data type before plotting.
2026-04-02 18:53:16,604 - matplotlib.category - INFO - Using categorical units to plot a list of strings that are all parsable as floats or dates. If these strings should be plotted as numbers, cast to the appropriate data type before plotting.
2026-04-02 18:53:16,606 - matplotlib.category - INFO - Using categorical units to plot a list of strings that are all parsable as floats or dates. If these strings should be plotted as numbers, cast to the appropriate data type before plotting.
2026-04-02 18:53:16,607 - matplotlib.category - INFO - Using categorical units to plot a list of strings that are all parsable as floats or dates. If these strings should be plotted as numbers, cast to the appropriate data type before plotting.
2026-04-02 18:53:31,727 - matplotlib.category - INFO - Using categorical units to plot a list of strings that are all parsable as floats or dates. If these strings should be plotted as numbers, cast to the appropriate data type before plotting.
2026-04-02 18:53:31,728 - matplotlib.category - INFO - Using categorical units to plot a list of strings that are all parsable as floats or dates. If these strings should be plotted as numbers, cast to the appropriate data type before plotting.
2026-04-02 18:53:31,730 - matplotlib.category - INFO - Using categorical units to plot a list of strings that are all parsable as floats or dates. If these strings should be plotted as numbers, cast to the appropriate data type before plotting.
2026-04-02 18:53:31,730 - matplotlib.category - INFO - Using categorical units to plot a list of strings that are all parsable as floats or dates. If these strings should be plotted as numbers, cast to the appropriate data type before plotting.
2026-04-02 18:53:49,888 - matplotlib.category - INFO - Using categorical units to plot a list of strings that are all parsable as floats or dates. If these strings should be plotted as numbers, cast to the appropriate data type before plotting.
2026-04-02 18:53:49,889 - matplotlib.category - INFO - Using categorical units to plot a list of strings that are all parsable as floats or dates. If these strings should be plotted as numbers, cast to the appropriate data type before plotting.
2026-04-02 18:53:49,891 - matplotlib.category - INFO - Using categorical units to plot a list of strings that are all parsable as floats or dates. If these strings should be plotted as numbers, cast to the appropriate data type before plotting.
2026-04-02 18:53:49,892 - matplotlib.category - INFO - Using categorical units to plot a list of strings that are all parsable as floats or dates. If these strings should be plotted as numbers, cast to the appropriate data type before plotting.
2026-04-02 18:57:02,979 - matplotlib.category - INFO - Using categorical units to plot a list of strings that are all parsable as floats or dates. If these strings should be plotted as numbers, cast to the appropriate data type before plotting.
2026-04-02 18:57:02,981 - matplotlib.category - INFO - Using categorical units to plot a list of strings that are all parsable as floats or dates. If these strings should be plotted as numbers, cast to the appropriate data type before plotting.
2026-04-02 18:57:02,982 - matplotlib.category - INFO - Using categorical units to plot a list of strings that are all parsable as floats or dates. If these strings should be plotted as numbers, cast to the appropriate data type before plotting.
2026-04-02 18:57:02,983 - matplotlib.category - INFO - Using categorical units to plot a list of strings that are all parsable as floats or dates. If these strings should be plotted as numbers, cast to the appropriate data type before plotting.
2026-04-02 18:57:05,890 - matplotlib.category - INFO - Using categorical units to plot a list of strings that are all parsable as floats or dates. If these strings should be plotted as numbers, cast to the appropriate data type before plotting.
2026-04-02 18:57:05,891 - matplotlib.category - INFO - Using categorical units to plot a list of strings that are all parsable as floats or dates. If these strings should be plotted as numbers, cast to the appropriate data type before plotting.
2026-04-02 18:57:05,893 - matplotlib.category - INFO - Using categorical units to plot a list of strings that are all parsable as floats or dates. If these strings should be plotted as numbers, cast to the appropriate data type before plotting.
2026-04-02 18:57:05,893 - matplotlib.category - INFO - Using categorical units to plot a list of strings that are all parsable as floats or dates. If these strings should be plotted as numbers, cast to the appropriate data type before plotting.
2026-04-02 19:00:12,128 - __main__ - INFO - Aplicacion cerrada por el usuario
2026-04-02 19:00:12,129 - __main__ - INFO - Duracion de sesion: 0:08:50.071683
2026-04-02 19:04:41,750 - __main__ - INFO - ============================================================
2026-04-02 19:04:41,750 - __main__ - INFO - Iniciando TECH SYSTEMS ERP v2.0.0
2026-04-02 19:04:41,750 - __main__ - INFO - Compañia: Tech Systems Solutions
2026-04-02 19:04:41,750 - __main__ - INFO - ============================================================
2026-04-02 19:04:41,857 - __main__ - INFO - Iniciando aplicacion ERP...
2026-04-02 19:04:42,315 - __main__ - INFO - Pantalla de login mostrada
2026-04-02 19:04:42,315 - __main__ - INFO - Aplicacion inicializada correctamente
2026-04-02 19:04:48,037 - __main__ - INFO - Intento de autenticacion para usuario: admin
2026-04-02 19:04:48,267 - __main__ - INFO - Usuario autenticado: admin (Rol: Administrador)
2026-04-02 19:04:48,281 - __main__ - INFO - Mostrando interfaz principal
2026-04-02 19:04:48,409 - matplotlib.category - INFO - Using categorical units to plot a list of strings that are all parsable as floats or dates. If these strings should be plotted as numbers, cast to the appropriate data type before plotting.
2026-04-02 19:04:48,410 - matplotlib.category - INFO - Using categorical units to plot a list of strings that are all parsable as floats or dates. If these strings should be plotted as numbers, cast to the appropriate data type before plotting.
2026-04-02 19:04:48,412 - matplotlib.category - INFO - Using categorical units to plot a list of strings that are all parsable as floats or dates. If these strings should be plotted as numbers, cast to the appropriate data type before plotting.
2026-04-02 19:04:48,413 - matplotlib.category - INFO - Using categorical units to plot a list of strings that are all parsable as floats or dates. If these strings should be plotted as numbers, cast to the appropriate data type before plotting.
2026-04-02 19:05:47,628 - matplotlib.category - INFO - Using categorical units to plot a list of strings that are all parsable as floats or dates. If these strings should be plotted as numbers, cast to the appropriate data type before plotting.
2026-04-02 19:05:47,629 - matplotlib.category - INFO - Using categorical units to plot a list of strings that are all parsable as floats or dates. If these strings should be plotted as numbers, cast to the appropriate data type before plotting.
2026-04-02 19:05:47,631 - matplotlib.category - INFO - Using categorical units to plot a list of strings that are all parsable as floats or dates. If these strings should be plotted as numbers, cast to the appropriate data type before plotting.
2026-04-02 19:05:47,631 - matplotlib.category - INFO - Using categorical units to plot a list of strings that are all parsable as floats or dates. If these strings should be plotted as numbers, cast to the appropriate data type before plotting.
2026-04-02 19:11:10,251 - matplotlib.category - INFO - Using categorical units to plot a list of strings that are all parsable as floats or dates. If these strings should be plotted as numbers, cast to the appropriate data type before plotting.
2026-04-02 19:11:10,253 - matplotlib.category - INFO - Using categorical units to plot a list of strings that are all parsable as floats or dates. If these strings should be plotted as numbers, cast to the appropriate data type before plotting.
2026-04-02 19:11:10,254 - matplotlib.category - INFO - Using categorical units to plot a list of strings that are all parsable as floats or dates. If these strings should be plotted as numbers, cast to the appropriate data type before plotting.
2026-04-02 19:11:10,255 - matplotlib.category - INFO - Using categorical units to plot a list of strings that are all parsable as floats or dates. If these strings should be plotted as numbers, cast to the appropriate data type before plotting.
2026-04-02 19:11:17,069 - matplotlib.category - INFO - Using categorical units to plot a list of strings that are all parsable as floats or dates. If these strings should be plotted as numbers, cast to the appropriate data type before plotting.
2026-04-02 19:11:17,070 - matplotlib.category - INFO - Using categorical units to plot a list of strings that are all parsable as floats or dates. If these strings should be plotted as numbers, cast to the appropriate data type before plotting.
2026-04-02 19:11:17,073 - matplotlib.category - INFO - Using categorical units to plot a list of strings that are all parsable as floats or dates. If these strings should be plotted as numbers, cast to the appropriate data type before plotting.
2026-04-02 19:11:17,074 - matplotlib.category - INFO - Using categorical units to plot a list of strings that are all parsable as floats or dates. If these strings should be plotted as numbers, cast to the appropriate data type before plotting.
2026-04-02 19:11:36,183 - matplotlib.category - INFO - Using categorical units to plot a list of strings that are all parsable as floats or dates. If these strings should be plotted as numbers, cast to the appropriate data type before plotting.
2026-04-02 19:11:36,184 - matplotlib.category - INFO - Using categorical units to plot a list of strings that are all parsable as floats or dates. If these strings should be plotted as numbers, cast to the appropriate data type before plotting.
2026-04-02 19:11:36,185 - matplotlib.category - INFO - Using categorical units to plot a list of strings that are all parsable as floats or dates. If these strings should be plotted as numbers, cast to the appropriate data type before plotting.
2026-04-02 19:11:36,186 - matplotlib.category - INFO - Using categorical units to plot a list of strings that are all parsable as floats or dates. If these strings should be plotted as numbers, cast to the appropriate data type before plotting.
2026-04-02 19:11:51,307 - matplotlib.category - INFO - Using categorical units to plot a list of strings that are all parsable as floats or dates. If these strings should be plotted as numbers, cast to the appropriate data type before plotting.
2026-04-02 19:11:51,309 - matplotlib.category - INFO - Using categorical units to plot a list of strings that are all parsable as floats or dates. If these strings should be plotted as numbers, cast to the appropriate data type before plotting.
2026-04-02 19:11:51,312 - matplotlib.category - INFO - Using categorical units to plot a list of strings that are all parsable as floats or dates. If these strings should be plotted as numbers, cast to the appropriate data type before plotting.
2026-04-02 19:11:51,313 - matplotlib.category - INFO - Using categorical units to plot a list of strings that are all parsable as floats or dates. If these strings should be plotted as numbers, cast to the appropriate data type before plotting.
2026-04-02 19:12:07,868 - matplotlib.category - INFO - Using categorical units to plot a list of strings that are all parsable as floats or dates. If these strings should be plotted as numbers, cast to the appropriate data type before plotting.
2026-04-02 19:12:07,869 - matplotlib.category - INFO - Using categorical units to plot a list of strings that are all parsable as floats or dates. If these strings should be plotted as numbers, cast to the appropriate data type before plotting.
2026-04-02 19:12:07,871 - matplotlib.category - INFO - Using categorical units to plot a list of strings that are all parsable as floats or dates. If these strings should be plotted as numbers, cast to the appropriate data type before plotting.
2026-04-02 19:12:07,872 - matplotlib.category - INFO - Using categorical units to plot a list of strings that are all parsable as floats or dates. If these strings should be plotted as numbers, cast to the appropriate data type before plotting.
2026-04-02 19:12:14,824 - matplotlib.category - INFO - Using categorical units to plot a list of strings that are all parsable as floats or dates. If these strings should be plotted as numbers, cast to the appropriate data type before plotting.
2026-04-02 19:12:14,825 - matplotlib.category - INFO - Using categorical units to plot a list of strings that are all parsable as floats or dates. If these strings should be plotted as numbers, cast to the appropriate data type before plotting.
2026-04-02 19:12:14,827 - matplotlib.category - INFO - Using categorical units to plot a list of strings that are all parsable as floats or dates. If these strings should be plotted as numbers, cast to the appropriate data type before plotting.
2026-04-02 19:12:14,828 - matplotlib.category - INFO - Using categorical units to plot a list of strings that are all parsable as floats or dates. If these strings should be plotted as numbers, cast to the appropriate data type before plotting.
2026-04-02 19:12:22,925 - matplotlib.category - INFO - Using categorical units to plot a list of strings that are all parsable as floats or dates. If these strings should be plotted as numbers, cast to the appropriate data type before plotting.
2026-04-02 19:12:22,927 - matplotlib.category - INFO - Using categorical units to plot a list of strings that are all parsable as floats or dates. If these strings should be plotted as numbers, cast to the appropriate data type before plotting.
2026-04-02 19:12:22,929 - matplotlib.category - INFO - Using categorical units to plot a list of strings that are all parsable as floats or dates. If these strings should be plotted as numbers, cast to the appropriate data type before plotting.
2026-04-02 19:12:22,930 - matplotlib.category - INFO - Using categorical units to plot a list of strings that are all parsable as floats or dates. If these strings should be plotted as numbers, cast to the appropriate data type before plotting.
2026-04-02 19:13:11,472 - __main__ - INFO - Usuario Administrador cerro sesion
2026-04-02 19:13:11,581 - __main__ - INFO - Pantalla de login mostrada
2026-04-02 19:13:21,181 - __main__ - INFO - Intento de autenticacion para usuario: admin
2026-04-02 19:13:21,417 - __main__ - INFO - Usuario autenticado: admin (Rol: Administrador)
2026-04-02 19:13:21,449 - __main__ - INFO - Mostrando interfaz principal
2026-04-02 19:13:21,551 - matplotlib.category - INFO - Using categorical units to plot a list of strings that are all parsable as floats or dates. If these strings should be plotted as numbers, cast to the appropriate data type before plotting.
2026-04-02 19:13:21,552 - matplotlib.category - INFO - Using categorical units to plot a list of strings that are all parsable as floats or dates. If these strings should be plotted as numbers, cast to the appropriate data type before plotting.
2026-04-02 19:13:21,553 - matplotlib.category - INFO - Using categorical units to plot a list of strings that are all parsable as floats or dates. If these strings should be plotted as numbers, cast to the appropriate data type before plotting.
2026-04-02 19:13:21,554 - matplotlib.category - INFO - Using categorical units to plot a list of strings that are all parsable as floats or dates. If these strings should be plotted as numbers, cast to the appropriate data type before plotting.
2026-04-02 19:14:00,148 - matplotlib.category - INFO - Using categorical units to plot a list of strings that are all parsable as floats or dates. If these strings should be plotted as numbers, cast to the appropriate data type before plotting.
2026-04-02 19:14:00,149 - matplotlib.category - INFO - Using categorical units to plot a list of strings that are all parsable as floats or dates. If these strings should be plotted as numbers, cast to the appropriate data type before plotting.
2026-04-02 19:14:00,152 - matplotlib.category - INFO - Using categorical units to plot a list of strings that are all parsable as floats or dates. If these strings should be plotted as numbers, cast to the appropriate data type before plotting.
2026-04-02 19:14:00,153 - matplotlib.category - INFO - Using categorical units to plot a list of strings that are all parsable as floats or dates. If these strings should be plotted as numbers, cast to the appropriate data type before plotting.
2026-04-02 19:14:06,265 - matplotlib.category - INFO - Using categorical units to plot a list of strings that are all parsable as floats or dates. If these strings should be plotted as numbers, cast to the appropriate data type before plotting.
2026-04-02 19:14:06,266 - matplotlib.category - INFO - Using categorical units to plot a list of strings that are all parsable as floats or dates. If these strings should be plotted as numbers, cast to the appropriate data type before plotting.
2026-04-02 19:14:06,268 - matplotlib.category - INFO - Using categorical units to plot a list of strings that are all parsable as floats or dates. If these strings should be plotted as numbers, cast to the appropriate data type before plotting.
2026-04-02 19:14:06,269 - matplotlib.category - INFO - Using categorical units to plot a list of strings that are all parsable as floats or dates. If these strings should be plotted as numbers, cast to the appropriate data type before plotting.
2026-04-02 19:14:12,580 - matplotlib.category - INFO - Using categorical units to plot a list of strings that are all parsable as floats or dates. If these strings should be plotted as numbers, cast to the appropriate data type before plotting.
2026-04-02 19:14:12,580 - matplotlib.category - INFO - Using categorical units to plot a list of strings that are all parsable as floats or dates. If these strings should be plotted as numbers, cast to the appropriate data type before plotting.
2026-04-02 19:14:12,582 - matplotlib.category - INFO - Using categorical units to plot a list of strings that are all parsable as floats or dates. If these strings should be plotted as numbers, cast to the appropriate data type before plotting.
2026-04-02 19:14:12,583 - matplotlib.category - INFO - Using categorical units to plot a list of strings that are all parsable as floats or dates. If these strings should be plotted as numbers, cast to the appropriate data type before plotting.
2026-04-02 19:14:14,591 - __main__ - INFO - Usuario Administrador cerro sesion
2026-04-02 19:14:14,710 - __main__ - INFO - Pantalla de login mostrada
2026-04-02 19:14:21,109 - __main__ - INFO - Intento de autenticacion para usuario: admin
2026-04-02 19:14:21,344 - __main__ - INFO - Usuario autenticado: admin (Rol: Administrador)
2026-04-02 19:14:21,383 - __main__ - INFO - Mostrando interfaz principal
2026-04-02 19:14:21,486 - matplotlib.category - INFO - Using categorical units to plot a list of strings that are all parsable as floats or dates. If these strings should be plotted as numbers, cast to the appropriate data type before plotting.
2026-04-02 19:14:21,487 - matplotlib.category - INFO - Using categorical units to plot a list of strings that are all parsable as floats or dates. If these strings should be plotted as numbers, cast to the appropriate data type before plotting.
2026-04-02 19:14:21,489 - matplotlib.category - INFO - Using categorical units to plot a list of strings that are all parsable as floats or dates. If these strings should be plotted as numbers, cast to the appropriate data type before plotting.
2026-04-02 19:14:21,490 - matplotlib.category - INFO - Using categorical units to plot a list of strings that are all parsable as floats or dates. If these strings should be plotted as numbers, cast to the appropriate data type before plotting.
2026-04-02 19:14:35,000 - __main__ - INFO - Aplicacion cerrada por el usuario
2026-04-02 19:14:35,001 - __main__ - INFO - Duracion de sesion: 0:09:53.051851
2026-04-02 19:14:40,090 - __main__ - INFO - ============================================================
2026-04-02 19:14:40,090 - __main__ - INFO - Iniciando TECH SYSTEMS ERP v2.0.0
2026-04-02 19:14:40,091 - __main__ - INFO - Compañia: Tech Systems Solutions
2026-04-02 19:14:40,091 - __main__ - INFO - ============================================================
2026-04-02 19:14:40,188 - __main__ - INFO - Iniciando aplicacion ERP...
2026-04-02 19:14:40,603 - __main__ - INFO - Pantalla de login mostrada
2026-04-02 19:14:40,604 - __main__ - INFO - Aplicacion inicializada correctamente
2026-04-02 19:14:45,781 - __main__ - INFO - Intento de autenticacion para usuario: admin
2026-04-02 19:14:46,017 - __main__ - INFO - Usuario autenticado: admin (Rol: Administrador)
2026-04-02 19:14:46,030 - __main__ - INFO - Mostrando interfaz principal
2026-04-02 19:14:46,165 - matplotlib.category - INFO - Using categorical units to plot a list of strings that are all parsable as floats or dates. If these strings should be plotted as numbers, cast to the appropriate data type before plotting.
2026-04-02 19:14:46,166 - matplotlib.category - INFO - Using categorical units to plot a list of strings that are all parsable as floats or dates. If these strings should be plotted as numbers, cast to the appropriate data type before plotting.
2026-04-02 19:14:46,168 - matplotlib.category - INFO - Using categorical units to plot a list of strings that are all parsable as floats or dates. If these strings should be plotted as numbers, cast to the appropriate data type before plotting.
2026-04-02 19:14:46,169 - matplotlib.category - INFO - Using categorical units to plot a list of strings that are all parsable as floats or dates. If these strings should be plotted as numbers, cast to the appropriate data type before plotting.
2026-04-02 19:15:49,585 - matplotlib.category - INFO - Using categorical units to plot a list of strings that are all parsable as floats or dates. If these strings should be plotted as numbers, cast to the appropriate data type before plotting.
2026-04-02 19:15:49,586 - matplotlib.category - INFO - Using categorical units to plot a list of strings that are all parsable as floats or dates. If these strings should be plotted as numbers, cast to the appropriate data type before plotting.
2026-04-02 19:15:49,588 - matplotlib.category - INFO - Using categorical units to plot a list of strings that are all parsable as floats or dates. If these strings should be plotted as numbers, cast to the appropriate data type before plotting.
2026-04-02 19:15:49,588 - matplotlib.category - INFO - Using categorical units to plot a list of strings that are all parsable as floats or dates. If these strings should be plotted as numbers, cast to the appropriate data type before plotting.
2026-04-02 19:15:52,712 - __main__ - INFO - Usuario Administrador cerro sesion
2026-04-02 19:15:52,782 - __main__ - INFO - Pantalla de login mostrada
2026-04-02 19:15:59,836 - __main__ - INFO - Intento de autenticacion para usuario: admin
2026-04-02 19:16:00,068 - __main__ - INFO - Usuario autenticado: admin (Rol: Administrador)
2026-04-02 19:16:00,090 - __main__ - INFO - Mostrando interfaz principal
2026-04-02 19:16:00,190 - matplotlib.category - INFO - Using categorical units to plot a list of strings that are all parsable as floats or dates. If these strings should be plotted as numbers, cast to the appropriate data type before plotting.
2026-04-02 19:16:00,192 - matplotlib.category - INFO - Using categorical units to plot a list of strings that are all parsable as floats or dates. If these strings should be plotted as numbers, cast to the appropriate data type before plotting.
2026-04-02 19:16:00,193 - matplotlib.category - INFO - Using categorical units to plot a list of strings that are all parsable as floats or dates. If these strings should be plotted as numbers, cast to the appropriate data type before plotting.
2026-04-02 19:16:00,194 - matplotlib.category - INFO - Using categorical units to plot a list of strings that are all parsable as floats or dates. If these strings should be plotted as numbers, cast to the appropriate data type before plotting.
2026-04-02 19:16:48,409 - matplotlib.category - INFO - Using categorical units to plot a list of strings that are all parsable as floats or dates. If these strings should be plotted as numbers, cast to the appropriate data type before plotting.
2026-04-02 19:16:48,410 - matplotlib.category - INFO - Using categorical units to plot a list of strings that are all parsable as floats or dates. If these strings should be plotted as numbers, cast to the appropriate data type before plotting.
2026-04-02 19:16:48,412 - matplotlib.category - INFO - Using categorical units to plot a list of strings that are all parsable as floats or dates. If these strings should be plotted as numbers, cast to the appropriate data type before plotting.
2026-04-02 19:16:48,413 - matplotlib.category - INFO - Using categorical units to plot a list of strings that are all parsable as floats or dates. If these strings should be plotted as numbers, cast to the appropriate data type before plotting.
2026-04-02 19:17:03,607 - __main__ - INFO - Usuario Administrador cerro sesion
2026-04-02 19:17:03,686 - __main__ - INFO - Pantalla de login mostrada
2026-04-02 19:17:05,831 - __main__ - INFO - Aplicacion cerrada por el usuario
2026-04-02 19:17:36,223 - __main__ - INFO - ============================================================
2026-04-02 19:17:36,223 - __main__ - INFO - Iniciando TECH SYSTEMS ERP v2.0.0
2026-04-02 19:17:36,223 - __main__ - INFO - Compañia: Tech Systems Solutions
2026-04-02 19:17:36,223 - __main__ - INFO - ============================================================
2026-04-02 19:17:36,364 - __main__ - INFO - Iniciando aplicacion ERP...
2026-04-02 19:17:36,792 - __main__ - INFO - Pantalla de login mostrada
2026-04-02 19:17:36,793 - __main__ - INFO - Aplicacion inicializada correctamente
2026-04-02 19:17:42,323 - __main__ - INFO - Intento de autenticacion para usuario: admin
2026-04-02 19:17:42,543 - __main__ - INFO - Usuario autenticado: admin (Rol: Administrador)
2026-04-02 19:17:42,562 - __main__ - INFO - Mostrando interfaz principal
2026-04-02 19:17:42,700 - matplotlib.category - INFO - Using categorical units to plot a list of strings that are all parsable as floats or dates. If these strings should be plotted as numbers, cast to the appropriate data type before plotting.
2026-04-02 19:17:42,701 - matplotlib.category - INFO - Using categorical units to plot a list of strings that are all parsable as floats or dates. If these strings should be plotted as numbers, cast to the appropriate data type before plotting.
2026-04-02 19:17:42,703 - matplotlib.category - INFO - Using categorical units to plot a list of strings that are all parsable as floats or dates. If these strings should be plotted as numbers, cast to the appropriate data type before plotting.
2026-04-02 19:17:42,704 - matplotlib.category - INFO - Using categorical units to plot a list of strings that are all parsable as floats or dates. If these strings should be plotted as numbers, cast to the appropriate data type before plotting.
2026-04-02 19:18:33,425 - __main__ - INFO - Aplicacion cerrada por el usuario
2026-04-02 19:18:33,425 - __main__ - INFO - Duracion de sesion: 0:00:56.986385
2026-04-02 19:22:50,230 - __main__ - INFO - ============================================================
2026-04-02 19:22:50,230 - __main__ - INFO - Iniciando TECH SYSTEMS ERP v2.0.0
2026-04-02 19:22:50,231 - __main__ - INFO - Compañia: Tech Systems Solutions
2026-04-02 19:22:50,231 - __main__ - INFO - ============================================================
2026-04-02 19:22:50,331 - __main__ - INFO - Iniciando aplicacion ERP...
2026-04-02 19:22:50,822 - __main__ - INFO - Pantalla de login mostrada
2026-04-02 19:22:50,822 - __main__ - INFO - Aplicacion inicializada correctamente
2026-04-02 19:22:57,148 - __main__ - INFO - Intento de autenticacion para usuario: admin
2026-04-02 19:22:57,367 - __main__ - INFO - Usuario autenticado: admin (Rol: Administrador)
2026-04-02 19:22:57,388 - __main__ - INFO - Mostrando interfaz principal
2026-04-02 19:22:57,526 - matplotlib.category - INFO - Using categorical units to plot a list of strings that are all parsable as floats or dates. If these strings should be plotted as numbers, cast to the appropriate data type before plotting.
2026-04-02 19:22:57,526 - matplotlib.category - INFO - Using categorical units to plot a list of strings that are all parsable as floats or dates. If these strings should be plotted as numbers, cast to the appropriate data type before plotting.
2026-04-02 19:22:57,528 - matplotlib.category - INFO - Using categorical units to plot a list of strings that are all parsable as floats or dates. If these strings should be plotted as numbers, cast to the appropriate data type before plotting.
2026-04-02 19:22:57,529 - matplotlib.category - INFO - Using categorical units to plot a list of strings that are all parsable as floats or dates. If these strings should be plotted as numbers, cast to the appropriate data type before plotting.
2026-04-02 19:23:20,820 - matplotlib.category - INFO - Using categorical units to plot a list of strings that are all parsable as floats or dates. If these strings should be plotted as numbers, cast to the appropriate data type before plotting.
2026-04-02 19:23:20,821 - matplotlib.category - INFO - Using categorical units to plot a list of strings that are all parsable as floats or dates. If these strings should be plotted as numbers, cast to the appropriate data type before plotting.
2026-04-02 19:23:20,823 - matplotlib.category - INFO - Using categorical units to plot a list of strings that are all parsable as floats or dates. If these strings should be plotted as numbers, cast to the appropriate data type before plotting.
2026-04-02 19:23:20,824 - matplotlib.category - INFO - Using categorical units to plot a list of strings that are all parsable as floats or dates. If these strings should be plotted as numbers, cast to the appropriate data type before plotting.
2026-04-02 19:25:09,136 - matplotlib.category - INFO - Using categorical units to plot a list of strings that are all parsable as floats or dates. If these strings should be plotted as numbers, cast to the appropriate data type before plotting.
2026-04-02 19:25:09,137 - matplotlib.category - INFO - Using categorical units to plot a list of strings that are all parsable as floats or dates. If these strings should be plotted as numbers, cast to the appropriate data type before plotting.
2026-04-02 19:25:09,139 - matplotlib.category - INFO - Using categorical units to plot a list of strings that are all parsable as floats or dates. If these strings should be plotted as numbers, cast to the appropriate data type before plotting.
2026-04-02 19:25:09,140 - matplotlib.category - INFO - Using categorical units to plot a list of strings that are all parsable as floats or dates. If these strings should be plotted as numbers, cast to the appropriate data type before plotting.
2026-04-02 19:28:08,874 - matplotlib.category - INFO - Using categorical units to plot a list of strings that are all parsable as floats or dates. If these strings should be plotted as numbers, cast to the appropriate data type before plotting.
2026-04-02 19:28:08,875 - matplotlib.category - INFO - Using categorical units to plot a list of strings that are all parsable as floats or dates. If these strings should be plotted as numbers, cast to the appropriate data type before plotting.
2026-04-02 19:28:08,877 - matplotlib.category - INFO - Using categorical units to plot a list of strings that are all parsable as floats or dates. If these strings should be plotted as numbers, cast to the appropriate data type before plotting.
2026-04-02 19:28:08,878 - matplotlib.category - INFO - Using categorical units to plot a list of strings that are all parsable as floats or dates. If these strings should be plotted as numbers, cast to the appropriate data type before plotting.
2026-04-02 19:29:02,200 - __main__ - INFO - Usuario Administrador cerro sesion
2026-04-02 19:29:02,263 - __main__ - INFO - Pantalla de login mostrada
2026-04-02 19:29:28,931 - __main__ - INFO - Intento de autenticacion para usuario: admin
2026-04-02 19:29:29,158 - __main__ - INFO - Usuario autenticado: admin (Rol: Administrador)
2026-04-02 19:29:29,187 - __main__ - INFO - Mostrando interfaz principal
2026-04-02 19:29:29,293 - matplotlib.category - INFO - Using categorical units to plot a list of strings that are all parsable as floats or dates. If these strings should be plotted as numbers, cast to the appropriate data type before plotting.
2026-04-02 19:29:29,294 - matplotlib.category - INFO - Using categorical units to plot a list of strings that are all parsable as floats or dates. If these strings should be plotted as numbers, cast to the appropriate data type before plotting.
2026-04-02 19:29:29,297 - matplotlib.category - INFO - Using categorical units to plot a list of strings that are all parsable as floats or dates. If these strings should be plotted as numbers, cast to the appropriate data type before plotting.
2026-04-02 19:29:29,298 - matplotlib.category - INFO - Using categorical units to plot a list of strings that are all parsable as floats or dates. If these strings should be plotted as numbers, cast to the appropriate data type before plotting.
2026-04-02 19:29:51,528 - __main__ - INFO - Aplicacion cerrada por el usuario
2026-04-02 19:29:51,528 - __main__ - INFO - Duracion de sesion: 0:07:01.099411
2026-04-02 19:31:02,286 - __main__ - INFO - ============================================================
2026-04-02 19:31:02,286 - __main__ - INFO - Iniciando TECH SYSTEMS ERP v2.0.0
2026-04-02 19:31:02,287 - __main__ - INFO - Compañia: Tech Systems Solutions
2026-04-02 19:31:02,287 - __main__ - INFO - ============================================================
2026-04-02 19:31:02,373 - __main__ - INFO - Iniciando aplicacion ERP...
2026-04-02 19:31:02,855 - __main__ - INFO - Pantalla de login mostrada
2026-04-02 19:31:02,856 - __main__ - INFO - Aplicacion inicializada correctamente
2026-04-02 19:31:09,491 - __main__ - INFO - Intento de autenticacion para usuario: admin
2026-04-02 19:31:09,722 - __main__ - INFO - Usuario autenticado: admin (Rol: Administrador)
2026-04-02 19:31:09,739 - __main__ - INFO - Mostrando interfaz principal
2026-04-02 19:31:09,872 - matplotlib.category - INFO - Using categorical units to plot a list of strings that are all parsable as floats or dates. If these strings should be plotted as numbers, cast to the appropriate data type before plotting.
2026-04-02 19:31:09,873 - matplotlib.category - INFO - Using categorical units to plot a list of strings that are all parsable as floats or dates. If these strings should be plotted as numbers, cast to the appropriate data type before plotting.
2026-04-02 19:31:09,875 - matplotlib.category - INFO - Using categorical units to plot a list of strings that are all parsable as floats or dates. If these strings should be plotted as numbers, cast to the appropriate data type before plotting.
2026-04-02 19:31:09,876 - matplotlib.category - INFO - Using categorical units to plot a list of strings that are all parsable as floats or dates. If these strings should be plotted as numbers, cast to the appropriate data type before plotting.
2026-04-02 19:31:17,317 - matplotlib.category - INFO - Using categorical units to plot a list of strings that are all parsable as floats or dates. If these strings should be plotted as numbers, cast to the appropriate data type before plotting.
2026-04-02 19:31:17,318 - matplotlib.category - INFO - Using categorical units to plot a list of strings that are all parsable as floats or dates. If these strings should be plotted as numbers, cast to the appropriate data type before plotting.
2026-04-02 19:31:17,321 - matplotlib.category - INFO - Using categorical units to plot a list of strings that are all parsable as floats or dates. If these strings should be plotted as numbers, cast to the appropriate data type before plotting.
2026-04-02 19:31:17,321 - matplotlib.category - INFO - Using categorical units to plot a list of strings that are all parsable as floats or dates. If these strings should be plotted as numbers, cast to the appropriate data type before plotting.
2026-04-02 19:37:20,662 - __main__ - INFO - Aplicacion cerrada por el usuario
2026-04-02 19:37:20,663 - __main__ - INFO - Duracion de sesion: 0:06:18.194124
2026-04-02 19:38:49,206 - __main__ - INFO - ============================================================
2026-04-02 19:38:49,207 - __main__ - INFO - Iniciando TECH SYSTEMS ERP v2.0.0
2026-04-02 19:38:49,207 - __main__ - INFO - Compañia: Tech Systems Solutions
2026-04-02 19:38:49,207 - __main__ - INFO - ============================================================
2026-04-02 19:38:49,303 - __main__ - INFO - Iniciando aplicacion ERP...
2026-04-02 19:38:49,773 - __main__ - INFO - Pantalla de login mostrada
2026-04-02 19:38:49,774 - __main__ - INFO - Aplicacion inicializada correctamente
2026-04-02 19:38:54,172 - __main__ - INFO - Intento de autenticacion para usuario: admin
2026-04-02 19:38:54,391 - __main__ - INFO - Usuario autenticado: admin (Rol: Administrador)
2026-04-02 19:38:54,410 - __main__ - INFO - Mostrando interfaz principal
2026-04-02 19:38:54,538 - matplotlib.category - INFO - Using categorical units to plot a list of strings that are all parsable as floats or dates. If these strings should be plotted as numbers, cast to the appropriate data type before plotting.
2026-04-02 19:38:54,539 - matplotlib.category - INFO - Using categorical units to plot a list of strings that are all parsable as floats or dates. If these strings should be plotted as numbers, cast to the appropriate data type before plotting.
2026-04-02 19:38:54,541 - matplotlib.category - INFO - Using categorical units to plot a list of strings that are all parsable as floats or dates. If these strings should be plotted as numbers, cast to the appropriate data type before plotting.
2026-04-02 19:38:54,542 - matplotlib.category - INFO - Using categorical units to plot a list of strings that are all parsable as floats or dates. If these strings should be plotted as numbers, cast to the appropriate data type before plotting.
2026-04-02 19:39:10,928 - matplotlib.category - INFO - Using categorical units to plot a list of strings that are all parsable as floats or dates. If these strings should be plotted as numbers, cast to the appropriate data type before plotting.
2026-04-02 19:39:10,929 - matplotlib.category - INFO - Using categorical units to plot a list of strings that are all parsable as floats or dates. If these strings should be plotted as numbers, cast to the appropriate data type before plotting.
2026-04-02 19:39:10,932 - matplotlib.category - INFO - Using categorical units to plot a list of strings that are all parsable as floats or dates. If these strings should be plotted as numbers, cast to the appropriate data type before plotting.
2026-04-02 19:39:10,932 - matplotlib.category - INFO - Using categorical units to plot a list of strings that are all parsable as floats or dates. If these strings should be plotted as numbers, cast to the appropriate data type before plotting.
2026-04-02 19:40:42,878 - matplotlib.category - INFO - Using categorical units to plot a list of strings that are all parsable as floats or dates. If these strings should be plotted as numbers, cast to the appropriate data type before plotting.
2026-04-02 19:40:42,879 - matplotlib.category - INFO - Using categorical units to plot a list of strings that are all parsable as floats or dates. If these strings should be plotted as numbers, cast to the appropriate data type before plotting.
2026-04-02 19:40:42,881 - matplotlib.category - INFO - Using categorical units to plot a list of strings that are all parsable as floats or dates. If these strings should be plotted as numbers, cast to the appropriate data type before plotting.
2026-04-02 19:40:42,882 - matplotlib.category - INFO - Using categorical units to plot a list of strings that are all parsable as floats or dates. If these strings should be plotted as numbers, cast to the appropriate data type before plotting.
2026-04-02 19:42:19,586 - matplotlib.category - INFO - Using categorical units to plot a list of strings that are all parsable as floats or dates. If these strings should be plotted as numbers, cast to the appropriate data type before plotting.
2026-04-02 19:42:19,587 - matplotlib.category - INFO - Using categorical units to plot a list of strings that are all parsable as floats or dates. If these strings should be plotted as numbers, cast to the appropriate data type before plotting.
2026-04-02 19:42:19,588 - matplotlib.category - INFO - Using categorical units to plot a list of strings that are all parsable as floats or dates. If these strings should be plotted as numbers, cast to the appropriate data type before plotting.
2026-04-02 19:42:19,589 - matplotlib.category - INFO - Using categorical units to plot a list of strings that are all parsable as floats or dates. If these strings should be plotted as numbers, cast to the appropriate data type before plotting.
2026-04-02 19:43:42,509 - matplotlib.category - INFO - Using categorical units to plot a list of strings that are all parsable as floats or dates. If these strings should be plotted as numbers, cast to the appropriate data type before plotting.
2026-04-02 19:43:42,510 - matplotlib.category - INFO - Using categorical units to plot a list of strings that are all parsable as floats or dates. If these strings should be plotted as numbers, cast to the appropriate data type before plotting.
2026-04-02 19:43:42,511 - matplotlib.category - INFO - Using categorical units to plot a list of strings that are all parsable as floats or dates. If these strings should be plotted as numbers, cast to the appropriate data type before plotting.
2026-04-02 19:43:42,512 - matplotlib.category - INFO - Using categorical units to plot a list of strings that are all parsable as floats or dates. If these strings should be plotted as numbers, cast to the appropriate data type before plotting.
2026-04-02 19:48:52,891 - __main__ - INFO - Aplicacion cerrada por el usuario
2026-04-02 19:48:52,891 - __main__ - INFO - Duracion de sesion: 0:10:03.539537
2026-04-02 19:54:53,167 - __main__ - INFO - ============================================================
2026-04-02 19:54:53,168 - __main__ - INFO - Iniciando TECH SYSTEMS ERP v2.0.0
2026-04-02 19:54:53,168 - __main__ - INFO - Compañia: Tech Systems Solutions
2026-04-02 19:54:53,168 - __main__ - INFO - ============================================================
2026-04-02 19:54:53,256 - __main__ - INFO - Iniciando aplicacion ERP...
2026-04-02 19:54:53,702 - __main__ - INFO - Pantalla de login mostrada
2026-04-02 19:54:53,702 - __main__ - INFO - Aplicacion inicializada correctamente
2026-04-02 19:54:57,610 - __main__ - INFO - Intento de autenticacion para usuario: admin
2026-04-02 19:54:57,844 - __main__ - INFO - Usuario autenticado: admin (Rol: Administrador)
2026-04-02 19:54:57,862 - __main__ - INFO - Mostrando interfaz principal
2026-04-02 19:54:57,994 - matplotlib.category - INFO - Using categorical units to plot a list of strings that are all parsable as floats or dates. If these strings should be plotted as numbers, cast to the appropriate data type before plotting.
2026-04-02 19:54:57,995 - matplotlib.category - INFO - Using categorical units to plot a list of strings that are all parsable as floats or dates. If these strings should be plotted as numbers, cast to the appropriate data type before plotting.
2026-04-02 19:54:57,997 - matplotlib.category - INFO - Using categorical units to plot a list of strings that are all parsable as floats or dates. If these strings should be plotted as numbers, cast to the appropriate data type before plotting.
2026-04-02 19:54:57,999 - matplotlib.category - INFO - Using categorical units to plot a list of strings that are all parsable as floats or dates. If these strings should be plotted as numbers, cast to the appropriate data type before plotting.
2026-04-02 19:55:03,393 - matplotlib.category - INFO - Using categorical units to plot a list of strings that are all parsable as floats or dates. If these strings should be plotted as numbers, cast to the appropriate data type before plotting.
2026-04-02 19:55:03,395 - matplotlib.category - INFO - Using categorical units to plot a list of strings that are all parsable as floats or dates. If these strings should be plotted as numbers, cast to the appropriate data type before plotting.
2026-04-02 19:55:03,397 - matplotlib.category - INFO - Using categorical units to plot a list of strings that are all parsable as floats or dates. If these strings should be plotted as numbers, cast to the appropriate data type before plotting.
2026-04-02 19:55:03,398 - matplotlib.category - INFO - Using categorical units to plot a list of strings that are all parsable as floats or dates. If these strings should be plotted as numbers, cast to the appropriate data type before plotting.
2026-04-02 19:55:50,014 - matplotlib.category - INFO - Using categorical units to plot a list of strings that are all parsable as floats or dates. If these strings should be plotted as numbers, cast to the appropriate data type before plotting.
2026-04-02 19:55:50,015 - matplotlib.category - INFO - Using categorical units to plot a list of strings that are all parsable as floats or dates. If these strings should be plotted as numbers, cast to the appropriate data type before plotting.
2026-04-02 19:55:50,017 - matplotlib.category - INFO - Using categorical units to plot a list of strings that are all parsable as floats or dates. If these strings should be plotted as numbers, cast to the appropriate data type before plotting.
2026-04-02 19:55:50,018 - matplotlib.category - INFO - Using categorical units to plot a list of strings that are all parsable as floats or dates. If these strings should be plotted as numbers, cast to the appropriate data type before plotting.
2026-04-02 19:56:06,258 - __main__ - INFO - Usuario Administrador cerro sesion
2026-04-02 19:56:06,335 - __main__ - INFO - Pantalla de login mostrada
2026-04-02 19:56:08,298 - __main__ - INFO - Aplicacion cerrada por el usuario
2026-04-02 20:00:17,944 - __main__ - INFO - ============================================================
2026-04-02 20:00:17,945 - __main__ - INFO - Iniciando TECH SYSTEMS ERP v2.0.0
2026-04-02 20:00:17,945 - __main__ - INFO - Compañia: Tech Systems Solutions
2026-04-02 20:00:17,945 - __main__ - INFO - ============================================================
2026-04-02 20:00:18,022 - __main__ - INFO - Iniciando aplicacion ERP...
2026-04-02 20:00:18,481 - __main__ - INFO - Pantalla de login mostrada
2026-04-02 20:00:18,482 - __main__ - INFO - Aplicacion inicializada correctamente
2026-04-02 20:00:22,929 - __main__ - INFO - Intento de autenticacion para usuario: admin
2026-04-02 20:00:23,155 - __main__ - INFO - Usuario autenticado: admin (Rol: Administrador)
2026-04-02 20:00:23,175 - __main__ - INFO - Mostrando interfaz principal
2026-04-02 20:00:23,302 - matplotlib.category - INFO - Using categorical units to plot a list of strings that are all parsable as floats or dates. If these strings should be plotted as numbers, cast to the appropriate data type before plotting.
2026-04-02 20:00:23,303 - matplotlib.category - INFO - Using categorical units to plot a list of strings that are all parsable as floats or dates. If these strings should be plotted as numbers, cast to the appropriate data type before plotting.
2026-04-02 20:00:23,305 - matplotlib.category - INFO - Using categorical units to plot a list of strings that are all parsable as floats or dates. If these strings should be plotted as numbers, cast to the appropriate data type before plotting.
2026-04-02 20:00:23,306 - matplotlib.category - INFO - Using categorical units to plot a list of strings that are all parsable as floats or dates. If these strings should be plotted as numbers, cast to the appropriate data type before plotting.
2026-04-02 20:00:34,092 - matplotlib.category - INFO - Using categorical units to plot a list of strings that are all parsable as floats or dates. If these strings should be plotted as numbers, cast to the appropriate data type before plotting.
2026-04-02 20:00:34,093 - matplotlib.category - INFO - Using categorical units to plot a list of strings that are all parsable as floats or dates. If these strings should be plotted as numbers, cast to the appropriate data type before plotting.
2026-04-02 20:00:34,096 - matplotlib.category - INFO - Using categorical units to plot a list of strings that are all parsable as floats or dates. If these strings should be plotted as numbers, cast to the appropriate data type before plotting.
2026-04-02 20:00:34,098 - matplotlib.category - INFO - Using categorical units to plot a list of strings that are all parsable as floats or dates. If these strings should be plotted as numbers, cast to the appropriate data type before plotting.
2026-04-02 20:01:10,947 - matplotlib.category - INFO - Using categorical units to plot a list of strings that are all parsable as floats or dates. If these strings should be plotted as numbers, cast to the appropriate data type before plotting.
2026-04-02 20:01:10,948 - matplotlib.category - INFO - Using categorical units to plot a list of strings that are all parsable as floats or dates. If these strings should be plotted as numbers, cast to the appropriate data type before plotting.
2026-04-02 20:01:10,950 - matplotlib.category - INFO - Using categorical units to plot a list of strings that are all parsable as floats or dates. If these strings should be plotted as numbers, cast to the appropriate data type before plotting.
2026-04-02 20:01:10,950 - matplotlib.category - INFO - Using categorical units to plot a list of strings that are all parsable as floats or dates. If these strings should be plotted as numbers, cast to the appropriate data type before plotting.
2026-04-02 20:01:18,010 - matplotlib.category - INFO - Using categorical units to plot a list of strings that are all parsable as floats or dates. If these strings should be plotted as numbers, cast to the appropriate data type before plotting.
2026-04-02 20:01:18,012 - matplotlib.category - INFO - Using categorical units to plot a list of strings that are all parsable as floats or dates. If these strings should be plotted as numbers, cast to the appropriate data type before plotting.
2026-04-02 20:01:18,014 - matplotlib.category - INFO - Using categorical units to plot a list of strings that are all parsable as floats or dates. If these strings should be plotted as numbers, cast to the appropriate data type before plotting.
2026-04-02 20:01:18,016 - matplotlib.category - INFO - Using categorical units to plot a list of strings that are all parsable as floats or dates. If these strings should be plotted as numbers, cast to the appropriate data type before plotting.
2026-04-02 20:03:22,488 - matplotlib.category - INFO - Using categorical units to plot a list of strings that are all parsable as floats or dates. If these strings should be plotted as numbers, cast to the appropriate data type before plotting.
2026-04-02 20:03:22,489 - matplotlib.category - INFO - Using categorical units to plot a list of strings that are all parsable as floats or dates. If these strings should be plotted as numbers, cast to the appropriate data type before plotting.
2026-04-02 20:03:22,490 - matplotlib.category - INFO - Using categorical units to plot a list of strings that are all parsable as floats or dates. If these strings should be plotted as numbers, cast to the appropriate data type before plotting.
2026-04-02 20:03:22,491 - matplotlib.category - INFO - Using categorical units to plot a list of strings that are all parsable as floats or dates. If these strings should be plotted as numbers, cast to the appropriate data type before plotting.
2026-04-02 20:04:03,126 - matplotlib.category - INFO - Using categorical units to plot a list of strings that are all parsable as floats or dates. If these strings should be plotted as numbers, cast to the appropriate data type before plotting.
2026-04-02 20:04:03,127 - matplotlib.category - INFO - Using categorical units to plot a list of strings that are all parsable as floats or dates. If these strings should be plotted as numbers, cast to the appropriate data type before plotting.
2026-04-02 20:04:03,129 - matplotlib.category - INFO - Using categorical units to plot a list of strings that are all parsable as floats or dates. If these strings should be plotted as numbers, cast to the appropriate data type before plotting.
2026-04-02 20:04:03,130 - matplotlib.category - INFO - Using categorical units to plot a list of strings that are all parsable as floats or dates. If these strings should be plotted as numbers, cast to the appropriate data type before plotting.
2026-04-02 20:04:10,299 - __main__ - INFO - Usuario Administrador cerro sesion
2026-04-02 20:04:10,393 - __main__ - INFO - Pantalla de login mostrada
2026-04-02 20:04:16,801 - __main__ - INFO - Aplicacion cerrada por el usuario
2026-04-02 20:04:28,294 - __main__ - INFO - ============================================================
2026-04-02 20:04:28,295 - __main__ - INFO - Iniciando TECH SYSTEMS ERP v2.0.0
2026-04-02 20:04:28,295 - __main__ - INFO - Compañia: Tech Systems Solutions
2026-04-02 20:04:28,296 - __main__ - INFO - ============================================================
2026-04-02 20:04:28,384 - __main__ - INFO - Iniciando aplicacion ERP...
2026-04-02 20:04:28,831 - __main__ - INFO - Pantalla de login mostrada
2026-04-02 20:04:28,832 - __main__ - INFO - Aplicacion inicializada correctamente
2026-04-02 20:04:36,409 - __main__ - INFO - Intento de autenticacion para usuario: admin
2026-04-02 20:04:36,638 - __main__ - INFO - Usuario autenticado: admin (Rol: Administrador)
2026-04-02 20:04:36,658 - __main__ - INFO - Mostrando interfaz principal
2026-04-02 20:04:36,787 - matplotlib.category - INFO - Using categorical units to plot a list of strings that are all parsable as floats or dates. If these strings should be plotted as numbers, cast to the appropriate data type before plotting.
2026-04-02 20:04:36,788 - matplotlib.category - INFO - Using categorical units to plot a list of strings that are all parsable as floats or dates. If these strings should be plotted as numbers, cast to the appropriate data type before plotting.
2026-04-02 20:04:36,790 - matplotlib.category - INFO - Using categorical units to plot a list of strings that are all parsable as floats or dates. If these strings should be plotted as numbers, cast to the appropriate data type before plotting.
2026-04-02 20:04:36,791 - matplotlib.category - INFO - Using categorical units to plot a list of strings that are all parsable as floats or dates. If these strings should be plotted as numbers, cast to the appropriate data type before plotting.
2026-04-02 20:04:44,922 - matplotlib.category - INFO - Using categorical units to plot a list of strings that are all parsable as floats or dates. If these strings should be plotted as numbers, cast to the appropriate data type before plotting.
2026-04-02 20:04:44,923 - matplotlib.category - INFO - Using categorical units to plot a list of strings that are all parsable as floats or dates. If these strings should be plotted as numbers, cast to the appropriate data type before plotting.
2026-04-02 20:04:44,925 - matplotlib.category - INFO - Using categorical units to plot a list of strings that are all parsable as floats or dates. If these strings should be plotted as numbers, cast to the appropriate data type before plotting.
2026-04-02 20:04:44,926 - matplotlib.category - INFO - Using categorical units to plot a list of strings that are all parsable as floats or dates. If these strings should be plotted as numbers, cast to the appropriate data type before plotting.
2026-04-02 20:05:59,212 - matplotlib.category - INFO - Using categorical units to plot a list of strings that are all parsable as floats or dates. If these strings should be plotted as numbers, cast to the appropriate data type before plotting.
2026-04-02 20:05:59,213 - matplotlib.category - INFO - Using categorical units to plot a list of strings that are all parsable as floats or dates. If these strings should be plotted as numbers, cast to the appropriate data type before plotting.
2026-04-02 20:05:59,214 - matplotlib.category - INFO - Using categorical units to plot a list of strings that are all parsable as floats or dates. If these strings should be plotted as numbers, cast to the appropriate data type before plotting.
2026-04-02 20:05:59,215 - matplotlib.category - INFO - Using categorical units to plot a list of strings that are all parsable as floats or dates. If these strings should be plotted as numbers, cast to the appropriate data type before plotting.
2026-04-02 20:06:06,802 - __main__ - INFO - Usuario Administrador cerro sesion
2026-04-02 20:06:06,876 - __main__ - INFO - Pantalla de login mostrada
2026-04-02 20:06:08,926 - __main__ - INFO - Aplicacion cerrada por el usuario
2026-04-02 20:06:15,213 - __main__ - INFO - ============================================================
2026-04-02 20:06:15,214 - __main__ - INFO - Iniciando TECH SYSTEMS ERP v2.0.0
2026-04-02 20:06:15,214 - __main__ - INFO - Compañia: Tech Systems Solutions
2026-04-02 20:06:15,214 - __main__ - INFO - ============================================================
2026-04-02 20:06:15,309 - __main__ - INFO - Iniciando aplicacion ERP...
2026-04-02 20:06:15,805 - __main__ - INFO - Pantalla de login mostrada
2026-04-02 20:06:15,805 - __main__ - INFO - Aplicacion inicializada correctamente
2026-04-02 20:06:21,694 - __main__ - INFO - Intento de autenticacion para usuario: admin
2026-04-02 20:06:21,922 - __main__ - INFO - Usuario autenticado: admin (Rol: Administrador)
2026-04-02 20:06:21,937 - __main__ - INFO - Mostrando interfaz principal
2026-04-02 20:06:22,075 - matplotlib.category - INFO - Using categorical units to plot a list of strings that are all parsable as floats or dates. If these strings should be plotted as numbers, cast to the appropriate data type before plotting.
2026-04-02 20:06:22,076 - matplotlib.category - INFO - Using categorical units to plot a list of strings that are all parsable as floats or dates. If these strings should be plotted as numbers, cast to the appropriate data type before plotting.
2026-04-02 20:06:22,078 - matplotlib.category - INFO - Using categorical units to plot a list of strings that are all parsable as floats or dates. If these strings should be plotted as numbers, cast to the appropriate data type before plotting.
2026-04-02 20:06:22,079 - matplotlib.category - INFO - Using categorical units to plot a list of strings that are all parsable as floats or dates. If these strings should be plotted as numbers, cast to the appropriate data type before plotting.
2026-04-02 20:07:39,515 - __main__ - INFO - Usuario Administrador cerro sesion
2026-04-02 20:07:39,581 - __main__ - INFO - Pantalla de login mostrada
2026-04-02 20:07:42,244 - __main__ - INFO - Aplicacion cerrada por el usuario
2026-04-02 20:17:07,444 - __main__ - INFO - ============================================================
2026-04-02 20:17:07,444 - __main__ - INFO - Iniciando TECH SYSTEMS ERP v2.0.0
2026-04-02 20:17:07,444 - __main__ - INFO - Compañia: Tech Systems Solutions
2026-04-02 20:17:07,445 - __main__ - INFO - ============================================================
2026-04-02 20:17:07,557 - __main__ - INFO - Iniciando aplicacion ERP...
2026-04-02 20:17:08,006 - __main__ - INFO - Pantalla de login mostrada
2026-04-02 20:17:08,006 - __main__ - INFO - Aplicacion inicializada correctamente
2026-04-02 20:17:16,024 - __main__ - INFO - Intento de autenticacion para usuario: admin
2026-04-02 20:17:16,242 - __main__ - INFO - Usuario autenticado: admin (Rol: Administrador)
2026-04-02 20:17:16,260 - __main__ - INFO - Mostrando interfaz principal
2026-04-02 20:17:16,394 - matplotlib.category - INFO - Using categorical units to plot a list of strings that are all parsable as floats or dates. If these strings should be plotted as numbers, cast to the appropriate data type before plotting.
2026-04-02 20:17:16,395 - matplotlib.category - INFO - Using categorical units to plot a list of strings that are all parsable as floats or dates. If these strings should be plotted as numbers, cast to the appropriate data type before plotting.
2026-04-02 20:17:16,397 - matplotlib.category - INFO - Using categorical units to plot a list of strings that are all parsable as floats or dates. If these strings should be plotted as numbers, cast to the appropriate data type before plotting.
2026-04-02 20:17:16,398 - matplotlib.category - INFO - Using categorical units to plot a list of strings that are all parsable as floats or dates. If these strings should be plotted as numbers, cast to the appropriate data type before plotting.
2026-04-02 20:17:34,071 - matplotlib.category - INFO - Using categorical units to plot a list of strings that are all parsable as floats or dates. If these strings should be plotted as numbers, cast to the appropriate data type before plotting.
2026-04-02 20:17:34,072 - matplotlib.category - INFO - Using categorical units to plot a list of strings that are all parsable as floats or dates. If these strings should be plotted as numbers, cast to the appropriate data type before plotting.
2026-04-02 20:17:34,075 - matplotlib.category - INFO - Using categorical units to plot a list of strings that are all parsable as floats or dates. If these strings should be plotted as numbers, cast to the appropriate data type before plotting.
2026-04-02 20:17:34,076 - matplotlib.category - INFO - Using categorical units to plot a list of strings that are all parsable as floats or dates. If these strings should be plotted as numbers, cast to the appropriate data type before plotting.
2026-04-02 20:17:42,324 - matplotlib.category - INFO - Using categorical units to plot a list of strings that are all parsable as floats or dates. If these strings should be plotted as numbers, cast to the appropriate data type before plotting.
2026-04-02 20:17:42,325 - matplotlib.category - INFO - Using categorical units to plot a list of strings that are all parsable as floats or dates. If these strings should be plotted as numbers, cast to the appropriate data type before plotting.
2026-04-02 20:17:42,327 - matplotlib.category - INFO - Using categorical units to plot a list of strings that are all parsable as floats or dates. If these strings should be plotted as numbers, cast to the appropriate data type before plotting.
2026-04-02 20:17:42,328 - matplotlib.category - INFO - Using categorical units to plot a list of strings that are all parsable as floats or dates. If these strings should be plotted as numbers, cast to the appropriate data type before plotting.
2026-04-02 20:17:58,884 - matplotlib.category - INFO - Using categorical units to plot a list of strings that are all parsable as floats or dates. If these strings should be plotted as numbers, cast to the appropriate data type before plotting.
2026-04-02 20:17:58,885 - matplotlib.category - INFO - Using categorical units to plot a list of strings that are all parsable as floats or dates. If these strings should be plotted as numbers, cast to the appropriate data type before plotting.
2026-04-02 20:17:58,886 - matplotlib.category - INFO - Using categorical units to plot a list of strings that are all parsable as floats or dates. If these strings should be plotted as numbers, cast to the appropriate data type before plotting.
2026-04-02 20:17:58,887 - matplotlib.category - INFO - Using categorical units to plot a list of strings that are all parsable as floats or dates. If these strings should be plotted as numbers, cast to the appropriate data type before plotting.
2026-04-02 20:18:05,947 - matplotlib.category - INFO - Using categorical units to plot a list of strings that are all parsable as floats or dates. If these strings should be plotted as numbers, cast to the appropriate data type before plotting.
2026-04-02 20:18:05,949 - matplotlib.category - INFO - Using categorical units to plot a list of strings that are all parsable as floats or dates. If these strings should be plotted as numbers, cast to the appropriate data type before plotting.
2026-04-02 20:18:05,951 - matplotlib.category - INFO - Using categorical units to plot a list of strings that are all parsable as floats or dates. If these strings should be plotted as numbers, cast to the appropriate data type before plotting.
2026-04-02 20:18:05,951 - matplotlib.category - INFO - Using categorical units to plot a list of strings that are all parsable as floats or dates. If these strings should be plotted as numbers, cast to the appropriate data type before plotting.
2026-04-02 20:18:13,592 - matplotlib.category - INFO - Using categorical units to plot a list of strings that are all parsable as floats or dates. If these strings should be plotted as numbers, cast to the appropriate data type before plotting.
2026-04-02 20:18:13,593 - matplotlib.category - INFO - Using categorical units to plot a list of strings that are all parsable as floats or dates. If these strings should be plotted as numbers, cast to the appropriate data type before plotting.
2026-04-02 20:18:13,595 - matplotlib.category - INFO - Using categorical units to plot a list of strings that are all parsable as floats or dates. If these strings should be plotted as numbers, cast to the appropriate data type before plotting.
2026-04-02 20:18:13,597 - matplotlib.category - INFO - Using categorical units to plot a list of strings that are all parsable as floats or dates. If these strings should be plotted as numbers, cast to the appropriate data type before plotting.
2026-04-02 20:18:29,013 - matplotlib.category - INFO - Using categorical units to plot a list of strings that are all parsable as floats or dates. If these strings should be plotted as numbers, cast to the appropriate data type before plotting.
2026-04-02 20:18:29,015 - matplotlib.category - INFO - Using categorical units to plot a list of strings that are all parsable as floats or dates. If these strings should be plotted as numbers, cast to the appropriate data type before plotting.
2026-04-02 20:18:29,016 - matplotlib.category - INFO - Using categorical units to plot a list of strings that are all parsable as floats or dates. If these strings should be plotted as numbers, cast to the appropriate data type before plotting.
2026-04-02 20:18:29,017 - matplotlib.category - INFO - Using categorical units to plot a list of strings that are all parsable as floats or dates. If these strings should be plotted as numbers, cast to the appropriate data type before plotting.
2026-04-02 20:18:33,150 - matplotlib.category - INFO - Using categorical units to plot a list of strings that are all parsable as floats or dates. If these strings should be plotted as numbers, cast to the appropriate data type before plotting.
2026-04-02 20:18:33,151 - matplotlib.category - INFO - Using categorical units to plot a list of strings that are all parsable as floats or dates. If these strings should be plotted as numbers, cast to the appropriate data type before plotting.
2026-04-02 20:18:33,153 - matplotlib.category - INFO - Using categorical units to plot a list of strings that are all parsable as floats or dates. If these strings should be plotted as numbers, cast to the appropriate data type before plotting.
2026-04-02 20:18:33,154 - matplotlib.category - INFO - Using categorical units to plot a list of strings that are all parsable as floats or dates. If these strings should be plotted as numbers, cast to the appropriate data type before plotting.
2026-04-02 20:19:17,383 - matplotlib.category - INFO - Using categorical units to plot a list of strings that are all parsable as floats or dates. If these strings should be plotted as numbers, cast to the appropriate data type before plotting.
2026-04-02 20:19:17,384 - matplotlib.category - INFO - Using categorical units to plot a list of strings that are all parsable as floats or dates. If these strings should be plotted as numbers, cast to the appropriate data type before plotting.
2026-04-02 20:19:17,385 - matplotlib.category - INFO - Using categorical units to plot a list of strings that are all parsable as floats or dates. If these strings should be plotted as numbers, cast to the appropriate data type before plotting.
2026-04-02 20:19:17,386 - matplotlib.category - INFO - Using categorical units to plot a list of strings that are all parsable as floats or dates. If these strings should be plotted as numbers, cast to the appropriate data type before plotting.
2026-04-02 20:19:26,988 - __main__ - INFO - Usuario Administrador cerro sesion
2026-04-02 20:19:27,091 - __main__ - INFO - Pantalla de login mostrada
2026-04-02 20:19:33,539 - __main__ - INFO - Intento de autenticacion para usuario: admin
2026-04-02 20:19:33,767 - __main__ - INFO - Usuario autenticado: admin (Rol: Administrador)
2026-04-02 20:19:33,802 - __main__ - INFO - Mostrando interfaz principal
2026-04-02 20:19:33,906 - matplotlib.category - INFO - Using categorical units to plot a list of strings that are all parsable as floats or dates. If these strings should be plotted as numbers, cast to the appropriate data type before plotting.
2026-04-02 20:19:33,907 - matplotlib.category - INFO - Using categorical units to plot a list of strings that are all parsable as floats or dates. If these strings should be plotted as numbers, cast to the appropriate data type before plotting.
2026-04-02 20:19:33,909 - matplotlib.category - INFO - Using categorical units to plot a list of strings that are all parsable as floats or dates. If these strings should be plotted as numbers, cast to the appropriate data type before plotting.
2026-04-02 20:19:33,910 - matplotlib.category - INFO - Using categorical units to plot a list of strings that are all parsable as floats or dates. If these strings should be plotted as numbers, cast to the appropriate data type before plotting.
2026-04-02 20:20:06,675 - __main__ - INFO - Usuario Administrador cerro sesion
2026-04-02 20:20:06,787 - __main__ - INFO - Pantalla de login mostrada
2026-04-02 20:20:09,222 - __main__ - INFO - Aplicacion cerrada por el usuario
2026-04-02 20:20:15,751 - __main__ - INFO - ============================================================
2026-04-02 20:20:15,752 - __main__ - INFO - Iniciando TECH SYSTEMS ERP v2.0.0
2026-04-02 20:20:15,752 - __main__ - INFO - Compañia: Tech Systems Solutions
2026-04-02 20:20:15,752 - __main__ - INFO - ============================================================
2026-04-02 20:20:15,908 - __main__ - INFO - Iniciando aplicacion ERP...
2026-04-02 20:20:16,320 - __main__ - INFO - Pantalla de login mostrada
2026-04-02 20:20:16,321 - __main__ - INFO - Aplicacion inicializada correctamente
2026-04-02 20:20:21,523 - __main__ - INFO - Intento de autenticacion para usuario: admin
2026-04-02 20:20:21,750 - __main__ - INFO - Usuario autenticado: admin (Rol: Administrador)
2026-04-02 20:20:21,765 - __main__ - INFO - Mostrando interfaz principal
2026-04-02 20:20:21,901 - matplotlib.category - INFO - Using categorical units to plot a list of strings that are all parsable as floats or dates. If these strings should be plotted as numbers, cast to the appropriate data type before plotting.
2026-04-02 20:20:21,902 - matplotlib.category - INFO - Using categorical units to plot a list of strings that are all parsable as floats or dates. If these strings should be plotted as numbers, cast to the appropriate data type before plotting.
2026-04-02 20:20:21,904 - matplotlib.category - INFO - Using categorical units to plot a list of strings that are all parsable as floats or dates. If these strings should be plotted as numbers, cast to the appropriate data type before plotting.
2026-04-02 20:20:21,905 - matplotlib.category - INFO - Using categorical units to plot a list of strings that are all parsable as floats or dates. If these strings should be plotted as numbers, cast to the appropriate data type before plotting.
2026-04-02 20:21:24,601 - matplotlib.category - INFO - Using categorical units to plot a list of strings that are all parsable as floats or dates. If these strings should be plotted as numbers, cast to the appropriate data type before plotting.
2026-04-02 20:21:24,602 - matplotlib.category - INFO - Using categorical units to plot a list of strings that are all parsable as floats or dates. If these strings should be plotted as numbers, cast to the appropriate data type before plotting.
2026-04-02 20:21:24,606 - matplotlib.category - INFO - Using categorical units to plot a list of strings that are all parsable as floats or dates. If these strings should be plotted as numbers, cast to the appropriate data type before plotting.
2026-04-02 20:21:24,607 - matplotlib.category - INFO - Using categorical units to plot a list of strings that are all parsable as floats or dates. If these strings should be plotted as numbers, cast to the appropriate data type before plotting.
2026-04-02 20:21:32,387 - __main__ - INFO - Usuario Administrador cerro sesion
2026-04-02 20:21:32,453 - __main__ - INFO - Pantalla de login mostrada
2026-04-02 20:21:34,570 - __main__ - INFO - Aplicacion cerrada por el usuario
2026-04-02 20:21:55,948 - __main__ - INFO - ============================================================
2026-04-02 20:21:55,948 - __main__ - INFO - Iniciando TECH SYSTEMS ERP v2.0.0
2026-04-02 20:21:55,949 - __main__ - INFO - Compañia: Tech Systems Solutions
2026-04-02 20:21:55,949 - __main__ - INFO - ============================================================
2026-04-02 20:21:56,032 - __main__ - INFO - Iniciando aplicacion ERP...
2026-04-02 20:21:56,469 - __main__ - INFO - Pantalla de login mostrada
2026-04-02 20:21:56,469 - __main__ - INFO - Aplicacion inicializada correctamente
2026-04-02 20:22:01,132 - __main__ - INFO - Intento de autenticacion para usuario: admin
2026-04-02 20:22:01,352 - __main__ - INFO - Usuario autenticado: admin (Rol: Administrador)
2026-04-02 20:22:01,371 - __main__ - INFO - Mostrando interfaz principal
2026-04-02 20:22:01,499 - matplotlib.category - INFO - Using categorical units to plot a list of strings that are all parsable as floats or dates. If these strings should be plotted as numbers, cast to the appropriate data type before plotting.
2026-04-02 20:22:01,500 - matplotlib.category - INFO - Using categorical units to plot a list of strings that are all parsable as floats or dates. If these strings should be plotted as numbers, cast to the appropriate data type before plotting.
2026-04-02 20:22:01,502 - matplotlib.category - INFO - Using categorical units to plot a list of strings that are all parsable as floats or dates. If these strings should be plotted as numbers, cast to the appropriate data type before plotting.
2026-04-02 20:22:01,503 - matplotlib.category - INFO - Using categorical units to plot a list of strings that are all parsable as floats or dates. If these strings should be plotted as numbers, cast to the appropriate data type before plotting.
2026-04-02 20:22:48,337 - matplotlib.category - INFO - Using categorical units to plot a list of strings that are all parsable as floats or dates. If these strings should be plotted as numbers, cast to the appropriate data type before plotting.
2026-04-02 20:22:48,339 - matplotlib.category - INFO - Using categorical units to plot a list of strings that are all parsable as floats or dates. If these strings should be plotted as numbers, cast to the appropriate data type before plotting.
2026-04-02 20:22:48,340 - matplotlib.category - INFO - Using categorical units to plot a list of strings that are all parsable as floats or dates. If these strings should be plotted as numbers, cast to the appropriate data type before plotting.
2026-04-02 20:22:48,341 - matplotlib.category - INFO - Using categorical units to plot a list of strings that are all parsable as floats or dates. If these strings should be plotted as numbers, cast to the appropriate data type before plotting.
2026-04-02 20:22:51,050 - __main__ - INFO - Usuario Administrador cerro sesion
2026-04-02 20:22:51,119 - __main__ - INFO - Pantalla de login mostrada
2026-04-02 20:22:53,957 - __main__ - INFO - Aplicacion cerrada por el usuario
2026-04-02 20:22:56,902 - __main__ - INFO - ============================================================
2026-04-02 20:22:56,903 - __main__ - INFO - Iniciando TECH SYSTEMS ERP v2.0.0
2026-04-02 20:22:56,903 - __main__ - INFO - Compañia: Tech Systems Solutions
2026-04-02 20:22:56,903 - __main__ - INFO - ============================================================
2026-04-02 20:22:56,996 - __main__ - INFO - Iniciando aplicacion ERP...
2026-04-02 20:22:57,501 - __main__ - INFO - Pantalla de login mostrada
2026-04-02 20:22:57,501 - __main__ - INFO - Aplicacion inicializada correctamente
2026-04-02 20:23:02,382 - __main__ - INFO - Intento de autenticacion para usuario: admin
2026-04-02 20:23:02,610 - __main__ - INFO - Usuario autenticado: admin (Rol: Administrador)
2026-04-02 20:23:02,628 - __main__ - INFO - Mostrando interfaz principal
2026-04-02 20:23:02,762 - matplotlib.category - INFO - Using categorical units to plot a list of strings that are all parsable as floats or dates. If these strings should be plotted as numbers, cast to the appropriate data type before plotting.
2026-04-02 20:23:02,764 - matplotlib.category - INFO - Using categorical units to plot a list of strings that are all parsable as floats or dates. If these strings should be plotted as numbers, cast to the appropriate data type before plotting.
2026-04-02 20:23:02,765 - matplotlib.category - INFO - Using categorical units to plot a list of strings that are all parsable as floats or dates. If these strings should be plotted as numbers, cast to the appropriate data type before plotting.
2026-04-02 20:23:02,766 - matplotlib.category - INFO - Using categorical units to plot a list of strings that are all parsable as floats or dates. If these strings should be plotted as numbers, cast to the appropriate data type before plotting.
2026-04-02 20:23:49,363 - __main__ - INFO - Usuario Administrador cerro sesion
2026-04-02 20:23:49,424 - __main__ - INFO - Pantalla de login mostrada
2026-04-02 20:23:52,770 - __main__ - INFO - Aplicacion cerrada por el usuario
2026-04-02 21:12:05,502 - __main__ - INFO - ============================================================
2026-04-02 21:12:05,504 - __main__ - INFO - Iniciando TECH SYSTEMS ERP v2.0.0
2026-04-02 21:12:05,505 - __main__ - INFO - Compañia: Tech Systems Solutions
2026-04-02 21:12:05,506 - __main__ - INFO - ============================================================
2026-04-02 21:12:05,629 - __main__ - INFO - Iniciando aplicacion ERP...
2026-04-02 21:12:06,677 - __main__ - INFO - Pantalla de login mostrada
2026-04-02 21:12:06,678 - __main__ - INFO - Aplicacion inicializada correctamente
2026-04-02 21:12:08,288 - __main__ - CRITICAL - Excepcion no manejada:
Traceback (most recent call last):
  File "c:\Users\Hugo\Desktop\ERP-Facturacion\main.py", line 928, in <module>
    main()
    ~~~~^^
  File "c:\Users\Hugo\Desktop\ERP-Facturacion\main.py", line 914, in main
    app.mainloop()
    ~~~~~~~~~~~~^^
  File "C:\Users\Hugo\AppData\Local\Programs\Python\Python314\Lib\tkinter\__init__.py", line 1613, in mainloop
    self.tk.mainloop(n)
    ~~~~~~~~~~~~~~~~^^^
KeyboardInterrupt

2026-04-02 21:12:13,502 - __main__ - INFO - Aplicacion cerrada por el usuario
2026-04-02 21:13:40,268 - __main__ - INFO - ============================================================
2026-04-02 21:13:40,268 - __main__ - INFO - Iniciando TECH SYSTEMS ERP v2.0.0
2026-04-02 21:13:40,269 - __main__ - INFO - Compañia: Tech Systems Solutions
2026-04-02 21:13:40,269 - __main__ - INFO - ============================================================
2026-04-02 21:13:40,361 - __main__ - INFO - Iniciando aplicacion ERP...
2026-04-02 21:13:40,808 - __main__ - INFO - Pantalla de login mostrada
2026-04-02 21:13:40,808 - __main__ - INFO - Aplicacion inicializada correctamente
2026-04-02 21:13:50,582 - __main__ - INFO - Intento de autenticacion para usuario: admin
2026-04-02 21:13:50,801 - __main__ - INFO - Usuario autenticado: admin (Rol: Administrador)
2026-04-02 21:13:50,823 - __main__ - INFO - Mostrando interfaz principal
2026-04-02 21:13:50,954 - matplotlib.category - INFO - Using categorical units to plot a list of strings that are all parsable as floats or dates. If these strings should be plotted as numbers, cast to the appropriate data type before plotting.
2026-04-02 21:13:50,955 - matplotlib.category - INFO - Using categorical units to plot a list of strings that are all parsable as floats or dates. If these strings should be plotted as numbers, cast to the appropriate data type before plotting.
2026-04-02 21:13:50,957 - matplotlib.category - INFO - Using categorical units to plot a list of strings that are all parsable as floats or dates. If these strings should be plotted as numbers, cast to the appropriate data type before plotting.
2026-04-02 21:13:50,958 - matplotlib.category - INFO - Using categorical units to plot a list of strings that are all parsable as floats or dates. If these strings should be plotted as numbers, cast to the appropriate data type before plotting.
2026-04-02 21:15:03,718 - __main__ - INFO - Respaldo automatico generado al finalizar sesion: backup_erp_auto_2026-04-02_21-15-03.zip
2026-04-02 21:15:03,718 - __main__ - INFO - Usuario Administrador cerro sesion
2026-04-02 21:15:03,779 - __main__ - INFO - Pantalla de login mostrada
2026-04-02 21:15:14,405 - __main__ - INFO - Intento de autenticacion para usuario: admin
2026-04-02 21:15:14,644 - __main__ - INFO - Usuario autenticado: admin (Rol: Administrador)
2026-04-02 21:15:14,664 - __main__ - INFO - Mostrando interfaz principal
2026-04-02 21:15:14,768 - matplotlib.category - INFO - Using categorical units to plot a list of strings that are all parsable as floats or dates. If these strings should be plotted as numbers, cast to the appropriate data type before plotting.
2026-04-02 21:15:14,769 - matplotlib.category - INFO - Using categorical units to plot a list of strings that are all parsable as floats or dates. If these strings should be plotted as numbers, cast to the appropriate data type before plotting.
2026-04-02 21:15:14,771 - matplotlib.category - INFO - Using categorical units to plot a list of strings that are all parsable as floats or dates. If these strings should be plotted as numbers, cast to the appropriate data type before plotting.
2026-04-02 21:15:14,771 - matplotlib.category - INFO - Using categorical units to plot a list of strings that are all parsable as floats or dates. If these strings should be plotted as numbers, cast to the appropriate data type before plotting.
2026-04-02 21:16:04,737 - matplotlib.category - INFO - Using categorical units to plot a list of strings that are all parsable as floats or dates. If these strings should be plotted as numbers, cast to the appropriate data type before plotting.
2026-04-02 21:16:04,739 - matplotlib.category - INFO - Using categorical units to plot a list of strings that are all parsable as floats or dates. If these strings should be plotted as numbers, cast to the appropriate data type before plotting.
2026-04-02 21:16:04,740 - matplotlib.category - INFO - Using categorical units to plot a list of strings that are all parsable as floats or dates. If these strings should be plotted as numbers, cast to the appropriate data type before plotting.
2026-04-02 21:16:04,741 - matplotlib.category - INFO - Using categorical units to plot a list of strings that are all parsable as floats or dates. If these strings should be plotted as numbers, cast to the appropriate data type before plotting.
2026-04-02 21:16:13,470 - matplotlib.category - INFO - Using categorical units to plot a list of strings that are all parsable as floats or dates. If these strings should be plotted as numbers, cast to the appropriate data type before plotting.
2026-04-02 21:16:13,472 - matplotlib.category - INFO - Using categorical units to plot a list of strings that are all parsable as floats or dates. If these strings should be plotted as numbers, cast to the appropriate data type before plotting.
2026-04-02 21:16:13,473 - matplotlib.category - INFO - Using categorical units to plot a list of strings that are all parsable as floats or dates. If these strings should be plotted as numbers, cast to the appropriate data type before plotting.
2026-04-02 21:16:13,474 - matplotlib.category - INFO - Using categorical units to plot a list of strings that are all parsable as floats or dates. If these strings should be plotted as numbers, cast to the appropriate data type before plotting.
2026-04-02 21:16:28,137 - matplotlib.category - INFO - Using categorical units to plot a list of strings that are all parsable as floats or dates. If these strings should be plotted as numbers, cast to the appropriate data type before plotting.
2026-04-02 21:16:28,138 - matplotlib.category - INFO - Using categorical units to plot a list of strings that are all parsable as floats or dates. If these strings should be plotted as numbers, cast to the appropriate data type before plotting.
2026-04-02 21:16:28,140 - matplotlib.category - INFO - Using categorical units to plot a list of strings that are all parsable as floats or dates. If these strings should be plotted as numbers, cast to the appropriate data type before plotting.
2026-04-02 21:16:28,141 - matplotlib.category - INFO - Using categorical units to plot a list of strings that are all parsable as floats or dates. If these strings should be plotted as numbers, cast to the appropriate data type before plotting.
2026-04-02 21:16:47,072 - __main__ - INFO - Respaldo automatico generado al finalizar sesion: backup_erp_auto_2026-04-02_21-16-46.zip
2026-04-02 21:16:47,073 - __main__ - INFO - Usuario Administrador cerro sesion
2026-04-02 21:16:47,152 - __main__ - INFO - Pantalla de login mostrada
2026-04-02 21:22:10,612 - __main__ - INFO - ============================================================
2026-04-02 21:22:10,612 - __main__ - INFO - Iniciando TECH SYSTEMS ERP v2.0.0
2026-04-02 21:22:10,612 - __main__ - INFO - Compañia: Tech Systems Solutions
2026-04-02 21:22:10,612 - __main__ - INFO - ============================================================
2026-04-02 21:22:10,713 - __main__ - INFO - Iniciando aplicacion ERP...
2026-04-02 21:22:11,112 - __main__ - INFO - Pantalla de login mostrada
2026-04-02 21:22:11,112 - __main__ - INFO - Aplicacion inicializada correctamente
2026-04-02 21:22:14,792 - __main__ - CRITICAL - Excepcion no manejada:
Traceback (most recent call last):
  File "c:\Users\Hugo\Desktop\ERP-Facturacion\main.py", line 928, in <module>
    main()
    ~~~~^^
  File "c:\Users\Hugo\Desktop\ERP-Facturacion\main.py", line 914, in main
    app.mainloop()
    ~~~~~~~~~~~~^^
  File "C:\Users\Hugo\AppData\Local\Programs\Python\Python314\Lib\tkinter\__init__.py", line 1613, in mainloop
    self.tk.mainloop(n)
    ~~~~~~~~~~~~~~~~^^^
KeyboardInterrupt

2026-04-02 21:22:26,192 - __main__ - INFO - ============================================================
2026-04-02 21:22:26,192 - __main__ - INFO - Iniciando TECH SYSTEMS ERP v2.0.0
2026-04-02 21:22:26,192 - __main__ - INFO - Compañia: Tech Systems Solutions
2026-04-02 21:22:26,193 - __main__ - INFO - ============================================================
2026-04-02 21:22:26,302 - __main__ - INFO - Iniciando aplicacion ERP...
2026-04-02 21:22:26,707 - __main__ - INFO - Pantalla de login mostrada
2026-04-02 21:22:26,707 - __main__ - INFO - Aplicacion inicializada correctamente
2026-04-02 21:22:37,717 - __main__ - INFO - Intento de autenticacion para usuario: admin
2026-04-02 21:22:37,945 - __main__ - INFO - Usuario autenticado: admin (Rol: Administrador)
2026-04-02 21:22:37,964 - __main__ - INFO - Mostrando interfaz principal
2026-04-02 21:22:38,094 - matplotlib.category - INFO - Using categorical units to plot a list of strings that are all parsable as floats or dates. If these strings should be plotted as numbers, cast to the appropriate data type before plotting.
2026-04-02 21:22:38,095 - matplotlib.category - INFO - Using categorical units to plot a list of strings that are all parsable as floats or dates. If these strings should be plotted as numbers, cast to the appropriate data type before plotting.
2026-04-02 21:22:38,097 - matplotlib.category - INFO - Using categorical units to plot a list of strings that are all parsable as floats or dates. If these strings should be plotted as numbers, cast to the appropriate data type before plotting.
2026-04-02 21:22:38,098 - matplotlib.category - INFO - Using categorical units to plot a list of strings that are all parsable as floats or dates. If these strings should be plotted as numbers, cast to the appropriate data type before plotting.
2026-04-02 21:22:46,864 - matplotlib.category - INFO - Using categorical units to plot a list of strings that are all parsable as floats or dates. If these strings should be plotted as numbers, cast to the appropriate data type before plotting.
2026-04-02 21:22:46,865 - matplotlib.category - INFO - Using categorical units to plot a list of strings that are all parsable as floats or dates. If these strings should be plotted as numbers, cast to the appropriate data type before plotting.
2026-04-02 21:22:46,868 - matplotlib.category - INFO - Using categorical units to plot a list of strings that are all parsable as floats or dates. If these strings should be plotted as numbers, cast to the appropriate data type before plotting.
2026-04-02 21:22:46,869 - matplotlib.category - INFO - Using categorical units to plot a list of strings that are all parsable as floats or dates. If these strings should be plotted as numbers, cast to the appropriate data type before plotting.
2026-04-02 21:41:44,018 - __main__ - INFO - Aplicacion cerrada por el usuario
2026-04-02 21:41:44,019 - __main__ - INFO - Duracion de sesion: 0:19:17.690888
2026-04-02 21:41:44,116 - __main__ - INFO - Respaldo automatico generado al finalizar sesion: backup_erp_auto_2026-04-02_21-41-44.zip
2026-04-02 21:51:07,508 - __main__ - INFO - ============================================================
2026-04-02 21:51:07,508 - __main__ - INFO - Iniciando TECH SYSTEMS ERP v2.0.0
2026-04-02 21:51:07,508 - __main__ - INFO - Compañia: Tech Systems Solutions
2026-04-02 21:51:07,508 - __main__ - INFO - ============================================================
2026-04-02 21:51:07,604 - __main__ - INFO - Iniciando aplicacion ERP...
2026-04-02 21:51:08,035 - __main__ - INFO - Pantalla de login mostrada
2026-04-02 21:51:08,035 - __main__ - INFO - Aplicacion inicializada correctamente
2026-04-02 21:51:14,754 - __main__ - INFO - Intento de autenticacion para usuario: admin
2026-04-02 21:51:14,976 - __main__ - INFO - Usuario autenticado: admin (Rol: Administrador)
2026-04-02 21:51:14,992 - __main__ - INFO - Mostrando interfaz principal
2026-04-02 21:51:15,125 - matplotlib.category - INFO - Using categorical units to plot a list of strings that are all parsable as floats or dates. If these strings should be plotted as numbers, cast to the appropriate data type before plotting.
2026-04-02 21:51:15,126 - matplotlib.category - INFO - Using categorical units to plot a list of strings that are all parsable as floats or dates. If these strings should be plotted as numbers, cast to the appropriate data type before plotting.
2026-04-02 21:51:15,127 - matplotlib.category - INFO - Using categorical units to plot a list of strings that are all parsable as floats or dates. If these strings should be plotted as numbers, cast to the appropriate data type before plotting.
2026-04-02 21:51:15,128 - matplotlib.category - INFO - Using categorical units to plot a list of strings that are all parsable as floats or dates. If these strings should be plotted as numbers, cast to the appropriate data type before plotting.
2026-04-02 21:51:34,145 - matplotlib.category - INFO - Using categorical units to plot a list of strings that are all parsable as floats or dates. If these strings should be plotted as numbers, cast to the appropriate data type before plotting.
2026-04-02 21:51:34,146 - matplotlib.category - INFO - Using categorical units to plot a list of strings that are all parsable as floats or dates. If these strings should be plotted as numbers, cast to the appropriate data type before plotting.
2026-04-02 21:51:34,148 - matplotlib.category - INFO - Using categorical units to plot a list of strings that are all parsable as floats or dates. If these strings should be plotted as numbers, cast to the appropriate data type before plotting.
2026-04-02 21:51:34,150 - matplotlib.category - INFO - Using categorical units to plot a list of strings that are all parsable as floats or dates. If these strings should be plotted as numbers, cast to the appropriate data type before plotting.
2026-04-02 21:51:36,612 - matplotlib.category - INFO - Using categorical units to plot a list of strings that are all parsable as floats or dates. If these strings should be plotted as numbers, cast to the appropriate data type before plotting.
2026-04-02 21:51:36,613 - matplotlib.category - INFO - Using categorical units to plot a list of strings that are all parsable as floats or dates. If these strings should be plotted as numbers, cast to the appropriate data type before plotting.
2026-04-02 21:51:36,616 - matplotlib.category - INFO - Using categorical units to plot a list of strings that are all parsable as floats or dates. If these strings should be plotted as numbers, cast to the appropriate data type before plotting.
2026-04-02 21:51:36,617 - matplotlib.category - INFO - Using categorical units to plot a list of strings that are all parsable as floats or dates. If these strings should be plotted as numbers, cast to the appropriate data type before plotting.
2026-04-02 21:55:19,970 - matplotlib.category - INFO - Using categorical units to plot a list of strings that are all parsable as floats or dates. If these strings should be plotted as numbers, cast to the appropriate data type before plotting.
2026-04-02 21:55:19,971 - matplotlib.category - INFO - Using categorical units to plot a list of strings that are all parsable as floats or dates. If these strings should be plotted as numbers, cast to the appropriate data type before plotting.
2026-04-02 21:55:19,973 - matplotlib.category - INFO - Using categorical units to plot a list of strings that are all parsable as floats or dates. If these strings should be plotted as numbers, cast to the appropriate data type before plotting.
2026-04-02 21:55:19,974 - matplotlib.category - INFO - Using categorical units to plot a list of strings that are all parsable as floats or dates. If these strings should be plotted as numbers, cast to the appropriate data type before plotting.
2026-04-02 21:56:16,591 - __main__ - INFO - Aplicacion cerrada por el usuario
2026-04-02 21:56:16,591 - __main__ - INFO - Duracion de sesion: 0:05:08.965582
2026-04-02 21:56:16,651 - __main__ - INFO - Respaldo automatico generado al finalizar sesion: backup_erp_auto_2026-04-02_21-56-16.zip
2026-04-02 22:06:06,638 - __main__ - INFO - ============================================================
2026-04-02 22:06:06,638 - __main__ - INFO - Iniciando TECH SYSTEMS ERP v2.0.0
2026-04-02 22:06:06,638 - __main__ - INFO - Compañia: Tech Systems Solutions
2026-04-02 22:06:06,639 - __main__ - INFO - ============================================================
2026-04-02 22:06:06,727 - __main__ - INFO - Iniciando aplicacion ERP...
2026-04-02 22:06:07,121 - __main__ - INFO - Pantalla de login mostrada
2026-04-02 22:06:07,121 - __main__ - INFO - Aplicacion inicializada correctamente
2026-04-02 22:06:12,600 - __main__ - INFO - Intento de autenticacion para usuario: admin
2026-04-02 22:06:12,827 - __main__ - INFO - Usuario autenticado: admin (Rol: Administrador)
2026-04-02 22:06:12,845 - __main__ - INFO - Mostrando interfaz principal
2026-04-02 22:06:12,979 - matplotlib.category - INFO - Using categorical units to plot a list of strings that are all parsable as floats or dates. If these strings should be plotted as numbers, cast to the appropriate data type before plotting.
2026-04-02 22:06:12,980 - matplotlib.category - INFO - Using categorical units to plot a list of strings that are all parsable as floats or dates. If these strings should be plotted as numbers, cast to the appropriate data type before plotting.
2026-04-02 22:06:12,982 - matplotlib.category - INFO - Using categorical units to plot a list of strings that are all parsable as floats or dates. If these strings should be plotted as numbers, cast to the appropriate data type before plotting.
2026-04-02 22:06:12,982 - matplotlib.category - INFO - Using categorical units to plot a list of strings that are all parsable as floats or dates. If these strings should be plotted as numbers, cast to the appropriate data type before plotting.
2026-04-02 22:09:21,391 - matplotlib.category - INFO - Using categorical units to plot a list of strings that are all parsable as floats or dates. If these strings should be plotted as numbers, cast to the appropriate data type before plotting.
2026-04-02 22:09:21,393 - matplotlib.category - INFO - Using categorical units to plot a list of strings that are all parsable as floats or dates. If these strings should be plotted as numbers, cast to the appropriate data type before plotting.
2026-04-02 22:09:21,395 - matplotlib.category - INFO - Using categorical units to plot a list of strings that are all parsable as floats or dates. If these strings should be plotted as numbers, cast to the appropriate data type before plotting.
2026-04-02 22:09:21,396 - matplotlib.category - INFO - Using categorical units to plot a list of strings that are all parsable as floats or dates. If these strings should be plotted as numbers, cast to the appropriate data type before plotting.
2026-04-02 22:09:44,942 - matplotlib.category - INFO - Using categorical units to plot a list of strings that are all parsable as floats or dates. If these strings should be plotted as numbers, cast to the appropriate data type before plotting.
2026-04-02 22:09:44,943 - matplotlib.category - INFO - Using categorical units to plot a list of strings that are all parsable as floats or dates. If these strings should be plotted as numbers, cast to the appropriate data type before plotting.
2026-04-02 22:09:44,945 - matplotlib.category - INFO - Using categorical units to plot a list of strings that are all parsable as floats or dates. If these strings should be plotted as numbers, cast to the appropriate data type before plotting.
2026-04-02 22:09:44,946 - matplotlib.category - INFO - Using categorical units to plot a list of strings that are all parsable as floats or dates. If these strings should be plotted as numbers, cast to the appropriate data type before plotting.
2026-04-02 22:11:37,793 - matplotlib.category - INFO - Using categorical units to plot a list of strings that are all parsable as floats or dates. If these strings should be plotted as numbers, cast to the appropriate data type before plotting.
2026-04-02 22:11:37,796 - matplotlib.category - INFO - Using categorical units to plot a list of strings that are all parsable as floats or dates. If these strings should be plotted as numbers, cast to the appropriate data type before plotting.
2026-04-02 22:11:37,799 - matplotlib.category - INFO - Using categorical units to plot a list of strings that are all parsable as floats or dates. If these strings should be plotted as numbers, cast to the appropriate data type before plotting.
2026-04-02 22:11:37,801 - matplotlib.category - INFO - Using categorical units to plot a list of strings that are all parsable as floats or dates. If these strings should be plotted as numbers, cast to the appropriate data type before plotting.
2026-04-02 22:11:40,954 - __main__ - INFO - Aplicacion cerrada por el usuario
2026-04-02 22:11:40,954 - __main__ - INFO - Duracion de sesion: 0:05:34.207632
2026-04-02 22:11:41,023 - __main__ - INFO - Respaldo automatico generado al finalizar sesion: backup_erp_auto_2026-04-02_22-11-40.zip
2026-04-02 22:17:20,862 - __main__ - INFO - ============================================================
2026-04-02 22:17:20,863 - __main__ - INFO - Iniciando TECH SYSTEMS ERP v2.0.0
2026-04-02 22:17:20,863 - __main__ - INFO - Compañia: Tech Systems Solutions
2026-04-02 22:17:20,863 - __main__ - INFO - ============================================================
2026-04-02 22:17:20,940 - __main__ - INFO - Iniciando aplicacion ERP...
2026-04-02 22:17:21,334 - __main__ - INFO - Pantalla de login mostrada
2026-04-02 22:17:21,335 - __main__ - INFO - Aplicacion inicializada correctamente
2026-04-02 22:17:29,904 - __main__ - INFO - Intento de autenticacion para usuario: admin
2026-04-02 22:17:30,136 - __main__ - INFO - Usuario autenticado: admin (Rol: Administrador)
2026-04-02 22:17:30,156 - __main__ - INFO - Mostrando interfaz principal
2026-04-02 22:17:30,290 - matplotlib.category - INFO - Using categorical units to plot a list of strings that are all parsable as floats or dates. If these strings should be plotted as numbers, cast to the appropriate data type before plotting.
2026-04-02 22:17:30,291 - matplotlib.category - INFO - Using categorical units to plot a list of strings that are all parsable as floats or dates. If these strings should be plotted as numbers, cast to the appropriate data type before plotting.
2026-04-02 22:17:30,293 - matplotlib.category - INFO - Using categorical units to plot a list of strings that are all parsable as floats or dates. If these strings should be plotted as numbers, cast to the appropriate data type before plotting.
2026-04-02 22:17:30,295 - matplotlib.category - INFO - Using categorical units to plot a list of strings that are all parsable as floats or dates. If these strings should be plotted as numbers, cast to the appropriate data type before plotting.
2026-04-02 22:20:16,908 - matplotlib.category - INFO - Using categorical units to plot a list of strings that are all parsable as floats or dates. If these strings should be plotted as numbers, cast to the appropriate data type before plotting.
2026-04-02 22:20:16,909 - matplotlib.category - INFO - Using categorical units to plot a list of strings that are all parsable as floats or dates. If these strings should be plotted as numbers, cast to the appropriate data type before plotting.
2026-04-02 22:20:16,910 - matplotlib.category - INFO - Using categorical units to plot a list of strings that are all parsable as floats or dates. If these strings should be plotted as numbers, cast to the appropriate data type before plotting.
2026-04-02 22:20:16,911 - matplotlib.category - INFO - Using categorical units to plot a list of strings that are all parsable as floats or dates. If these strings should be plotted as numbers, cast to the appropriate data type before plotting.
2026-04-02 22:20:19,902 - __main__ - INFO - Aplicacion cerrada por el usuario
2026-04-02 22:20:19,902 - __main__ - INFO - Duracion de sesion: 0:02:58.932602
2026-04-02 22:20:19,988 - __main__ - INFO - Respaldo automatico generado al finalizar sesion: backup_erp_auto_2026-04-02_22-20-19.zip
2026-04-02 22:24:16,034 - __main__ - INFO - ============================================================
2026-04-02 22:24:16,035 - __main__ - INFO - Iniciando TECH SYSTEMS ERP v2.0.0
2026-04-02 22:24:16,035 - __main__ - INFO - Compañia: Tech Systems Solutions
2026-04-02 22:24:16,035 - __main__ - INFO - ============================================================
2026-04-02 22:24:16,110 - __main__ - INFO - Iniciando aplicacion ERP...
2026-04-02 22:24:16,577 - __main__ - INFO - Pantalla de login mostrada
2026-04-02 22:24:16,578 - __main__ - INFO - Aplicacion inicializada correctamente
2026-04-02 22:24:21,078 - __main__ - INFO - Intento de autenticacion para usuario: admin
2026-04-02 22:24:21,311 - __main__ - INFO - Usuario autenticado: admin (Rol: Administrador)
2026-04-02 22:24:21,330 - __main__ - INFO - Mostrando interfaz principal
2026-04-02 22:24:21,461 - matplotlib.category - INFO - Using categorical units to plot a list of strings that are all parsable as floats or dates. If these strings should be plotted as numbers, cast to the appropriate data type before plotting.
2026-04-02 22:24:21,462 - matplotlib.category - INFO - Using categorical units to plot a list of strings that are all parsable as floats or dates. If these strings should be plotted as numbers, cast to the appropriate data type before plotting.
2026-04-02 22:24:21,463 - matplotlib.category - INFO - Using categorical units to plot a list of strings that are all parsable as floats or dates. If these strings should be plotted as numbers, cast to the appropriate data type before plotting.
2026-04-02 22:24:21,464 - matplotlib.category - INFO - Using categorical units to plot a list of strings that are all parsable as floats or dates. If these strings should be plotted as numbers, cast to the appropriate data type before plotting.
2026-04-02 22:24:58,218 - matplotlib.category - INFO - Using categorical units to plot a list of strings that are all parsable as floats or dates. If these strings should be plotted as numbers, cast to the appropriate data type before plotting.
2026-04-02 22:24:58,219 - matplotlib.category - INFO - Using categorical units to plot a list of strings that are all parsable as floats or dates. If these strings should be plotted as numbers, cast to the appropriate data type before plotting.
2026-04-02 22:24:58,221 - matplotlib.category - INFO - Using categorical units to plot a list of strings that are all parsable as floats or dates. If these strings should be plotted as numbers, cast to the appropriate data type before plotting.
2026-04-02 22:24:58,222 - matplotlib.category - INFO - Using categorical units to plot a list of strings that are all parsable as floats or dates. If these strings should be plotted as numbers, cast to the appropriate data type before plotting.
2026-04-02 22:25:54,292 - matplotlib.category - INFO - Using categorical units to plot a list of strings that are all parsable as floats or dates. If these strings should be plotted as numbers, cast to the appropriate data type before plotting.
2026-04-02 22:25:54,293 - matplotlib.category - INFO - Using categorical units to plot a list of strings that are all parsable as floats or dates. If these strings should be plotted as numbers, cast to the appropriate data type before plotting.
2026-04-02 22:25:54,295 - matplotlib.category - INFO - Using categorical units to plot a list of strings that are all parsable as floats or dates. If these strings should be plotted as numbers, cast to the appropriate data type before plotting.
2026-04-02 22:25:54,295 - matplotlib.category - INFO - Using categorical units to plot a list of strings that are all parsable as floats or dates. If these strings should be plotted as numbers, cast to the appropriate data type before plotting.
2026-04-02 22:25:58,161 - matplotlib.category - INFO - Using categorical units to plot a list of strings that are all parsable as floats or dates. If these strings should be plotted as numbers, cast to the appropriate data type before plotting.
2026-04-02 22:25:58,162 - matplotlib.category - INFO - Using categorical units to plot a list of strings that are all parsable as floats or dates. If these strings should be plotted as numbers, cast to the appropriate data type before plotting.
2026-04-02 22:25:58,166 - matplotlib.category - INFO - Using categorical units to plot a list of strings that are all parsable as floats or dates. If these strings should be plotted as numbers, cast to the appropriate data type before plotting.
2026-04-02 22:25:58,167 - matplotlib.category - INFO - Using categorical units to plot a list of strings that are all parsable as floats or dates. If these strings should be plotted as numbers, cast to the appropriate data type before plotting.
2026-04-02 22:26:13,260 - matplotlib.category - INFO - Using categorical units to plot a list of strings that are all parsable as floats or dates. If these strings should be plotted as numbers, cast to the appropriate data type before plotting.
2026-04-02 22:26:13,261 - matplotlib.category - INFO - Using categorical units to plot a list of strings that are all parsable as floats or dates. If these strings should be plotted as numbers, cast to the appropriate data type before plotting.
2026-04-02 22:26:13,263 - matplotlib.category - INFO - Using categorical units to plot a list of strings that are all parsable as floats or dates. If these strings should be plotted as numbers, cast to the appropriate data type before plotting.
2026-04-02 22:26:13,264 - matplotlib.category - INFO - Using categorical units to plot a list of strings that are all parsable as floats or dates. If these strings should be plotted as numbers, cast to the appropriate data type before plotting.
2026-04-02 22:26:15,982 - __main__ - INFO - Respaldo automatico generado al finalizar sesion: backup_erp_auto_2026-04-02_22-26-15.zip
2026-04-02 22:26:15,983 - __main__ - INFO - Usuario Administrador cerro sesion
2026-04-02 22:26:16,072 - __main__ - INFO - Pantalla de login mostrada
2026-04-02 22:26:19,713 - __main__ - INFO - Aplicacion cerrada por el usuario
2026-04-02 22:31:03,602 - __main__ - INFO - ============================================================
2026-04-02 22:31:03,602 - __main__ - INFO - Iniciando TECH SYSTEMS ERP v2.0.0
2026-04-02 22:31:03,602 - __main__ - INFO - Compañia: Tech Systems Solutions
2026-04-02 22:31:03,603 - __main__ - INFO - ============================================================
2026-04-02 22:31:03,705 - __main__ - INFO - Iniciando aplicacion ERP...
2026-04-02 22:31:04,204 - __main__ - INFO - Pantalla de login mostrada
2026-04-02 22:31:04,204 - __main__ - INFO - Aplicacion inicializada correctamente
2026-04-02 22:31:14,455 - __main__ - INFO - Intento de autenticacion para usuario: admin
2026-04-02 22:31:14,786 - __main__ - INFO - Usuario autenticado: admin (Rol: Administrador)
2026-04-02 22:31:14,801 - __main__ - INFO - Mostrando interfaz principal
2026-04-02 22:31:15,041 - matplotlib.category - INFO - Using categorical units to plot a list of strings that are all parsable as floats or dates. If these strings should be plotted as numbers, cast to the appropriate data type before plotting.
2026-04-02 22:31:15,042 - matplotlib.category - INFO - Using categorical units to plot a list of strings that are all parsable as floats or dates. If these strings should be plotted as numbers, cast to the appropriate data type before plotting.
2026-04-02 22:31:15,043 - matplotlib.category - INFO - Using categorical units to plot a list of strings that are all parsable as floats or dates. If these strings should be plotted as numbers, cast to the appropriate data type before plotting.
2026-04-02 22:31:15,044 - matplotlib.category - INFO - Using categorical units to plot a list of strings that are all parsable as floats or dates. If these strings should be plotted as numbers, cast to the appropriate data type before plotting.
2026-04-02 22:32:03,977 - matplotlib.category - INFO - Using categorical units to plot a list of strings that are all parsable as floats or dates. If these strings should be plotted as numbers, cast to the appropriate data type before plotting.
2026-04-02 22:32:03,979 - matplotlib.category - INFO - Using categorical units to plot a list of strings that are all parsable as floats or dates. If these strings should be plotted as numbers, cast to the appropriate data type before plotting.
2026-04-02 22:32:03,981 - matplotlib.category - INFO - Using categorical units to plot a list of strings that are all parsable as floats or dates. If these strings should be plotted as numbers, cast to the appropriate data type before plotting.
2026-04-02 22:32:03,982 - matplotlib.category - INFO - Using categorical units to plot a list of strings that are all parsable as floats or dates. If these strings should be plotted as numbers, cast to the appropriate data type before plotting.
2026-04-02 22:32:07,851 - matplotlib.category - INFO - Using categorical units to plot a list of strings that are all parsable as floats or dates. If these strings should be plotted as numbers, cast to the appropriate data type before plotting.
2026-04-02 22:32:07,851 - matplotlib.category - INFO - Using categorical units to plot a list of strings that are all parsable as floats or dates. If these strings should be plotted as numbers, cast to the appropriate data type before plotting.
2026-04-02 22:32:07,854 - matplotlib.category - INFO - Using categorical units to plot a list of strings that are all parsable as floats or dates. If these strings should be plotted as numbers, cast to the appropriate data type before plotting.
2026-04-02 22:32:07,855 - matplotlib.category - INFO - Using categorical units to plot a list of strings that are all parsable as floats or dates. If these strings should be plotted as numbers, cast to the appropriate data type before plotting.
2026-04-02 22:32:12,147 - matplotlib.category - INFO - Using categorical units to plot a list of strings that are all parsable as floats or dates. If these strings should be plotted as numbers, cast to the appropriate data type before plotting.
2026-04-02 22:32:12,148 - matplotlib.category - INFO - Using categorical units to plot a list of strings that are all parsable as floats or dates. If these strings should be plotted as numbers, cast to the appropriate data type before plotting.
2026-04-02 22:32:12,151 - matplotlib.category - INFO - Using categorical units to plot a list of strings that are all parsable as floats or dates. If these strings should be plotted as numbers, cast to the appropriate data type before plotting.
2026-04-02 22:32:12,152 - matplotlib.category - INFO - Using categorical units to plot a list of strings that are all parsable as floats or dates. If these strings should be plotted as numbers, cast to the appropriate data type before plotting.
2026-04-02 22:34:11,113 - matplotlib.category - INFO - Using categorical units to plot a list of strings that are all parsable as floats or dates. If these strings should be plotted as numbers, cast to the appropriate data type before plotting.
2026-04-02 22:34:11,114 - matplotlib.category - INFO - Using categorical units to plot a list of strings that are all parsable as floats or dates. If these strings should be plotted as numbers, cast to the appropriate data type before plotting.
2026-04-02 22:34:11,117 - matplotlib.category - INFO - Using categorical units to plot a list of strings that are all parsable as floats or dates. If these strings should be plotted as numbers, cast to the appropriate data type before plotting.
2026-04-02 22:34:11,118 - matplotlib.category - INFO - Using categorical units to plot a list of strings that are all parsable as floats or dates. If these strings should be plotted as numbers, cast to the appropriate data type before plotting.
2026-04-02 22:34:19,490 - matplotlib.category - INFO - Using categorical units to plot a list of strings that are all parsable as floats or dates. If these strings should be plotted as numbers, cast to the appropriate data type before plotting.
2026-04-02 22:34:19,491 - matplotlib.category - INFO - Using categorical units to plot a list of strings that are all parsable as floats or dates. If these strings should be plotted as numbers, cast to the appropriate data type before plotting.
2026-04-02 22:34:19,493 - matplotlib.category - INFO - Using categorical units to plot a list of strings that are all parsable as floats or dates. If these strings should be plotted as numbers, cast to the appropriate data type before plotting.
2026-04-02 22:34:19,494 - matplotlib.category - INFO - Using categorical units to plot a list of strings that are all parsable as floats or dates. If these strings should be plotted as numbers, cast to the appropriate data type before plotting.
2026-04-02 22:39:01,672 - matplotlib.category - INFO - Using categorical units to plot a list of strings that are all parsable as floats or dates. If these strings should be plotted as numbers, cast to the appropriate data type before plotting.
2026-04-02 22:39:01,674 - matplotlib.category - INFO - Using categorical units to plot a list of strings that are all parsable as floats or dates. If these strings should be plotted as numbers, cast to the appropriate data type before plotting.
2026-04-02 22:39:01,677 - matplotlib.category - INFO - Using categorical units to plot a list of strings that are all parsable as floats or dates. If these strings should be plotted as numbers, cast to the appropriate data type before plotting.
2026-04-02 22:39:01,678 - matplotlib.category - INFO - Using categorical units to plot a list of strings that are all parsable as floats or dates. If these strings should be plotted as numbers, cast to the appropriate data type before plotting.
2026-04-02 22:39:17,909 - __main__ - INFO - Respaldo automatico generado al finalizar sesion: backup_erp_auto_2026-04-02_22-39-17.zip
2026-04-02 22:39:17,909 - __main__ - INFO - Usuario Administrador cerro sesion
2026-04-02 22:39:18,043 - __main__ - INFO - Pantalla de login mostrada
2026-04-02 22:39:24,125 - __main__ - INFO - Intento de autenticacion para usuario: admin
2026-04-02 22:39:24,392 - __main__ - INFO - Usuario autenticado: admin (Rol: Administrador)
2026-04-02 22:39:24,420 - __main__ - INFO - Mostrando interfaz principal
2026-04-02 22:39:24,546 - matplotlib.category - INFO - Using categorical units to plot a list of strings that are all parsable as floats or dates. If these strings should be plotted as numbers, cast to the appropriate data type before plotting.
2026-04-02 22:39:24,547 - matplotlib.category - INFO - Using categorical units to plot a list of strings that are all parsable as floats or dates. If these strings should be plotted as numbers, cast to the appropriate data type before plotting.
2026-04-02 22:39:24,550 - matplotlib.category - INFO - Using categorical units to plot a list of strings that are all parsable as floats or dates. If these strings should be plotted as numbers, cast to the appropriate data type before plotting.
2026-04-02 22:39:24,551 - matplotlib.category - INFO - Using categorical units to plot a list of strings that are all parsable as floats or dates. If these strings should be plotted as numbers, cast to the appropriate data type before plotting.
2026-04-02 22:39:38,668 - matplotlib.category - INFO - Using categorical units to plot a list of strings that are all parsable as floats or dates. If these strings should be plotted as numbers, cast to the appropriate data type before plotting.
2026-04-02 22:39:38,669 - matplotlib.category - INFO - Using categorical units to plot a list of strings that are all parsable as floats or dates. If these strings should be plotted as numbers, cast to the appropriate data type before plotting.
2026-04-02 22:39:38,671 - matplotlib.category - INFO - Using categorical units to plot a list of strings that are all parsable as floats or dates. If these strings should be plotted as numbers, cast to the appropriate data type before plotting.
2026-04-02 22:39:38,672 - matplotlib.category - INFO - Using categorical units to plot a list of strings that are all parsable as floats or dates. If these strings should be plotted as numbers, cast to the appropriate data type before plotting.
2026-04-02 22:39:59,649 - matplotlib.category - INFO - Using categorical units to plot a list of strings that are all parsable as floats or dates. If these strings should be plotted as numbers, cast to the appropriate data type before plotting.
2026-04-02 22:39:59,650 - matplotlib.category - INFO - Using categorical units to plot a list of strings that are all parsable as floats or dates. If these strings should be plotted as numbers, cast to the appropriate data type before plotting.
2026-04-02 22:39:59,652 - matplotlib.category - INFO - Using categorical units to plot a list of strings that are all parsable as floats or dates. If these strings should be plotted as numbers, cast to the appropriate data type before plotting.
2026-04-02 22:39:59,653 - matplotlib.category - INFO - Using categorical units to plot a list of strings that are all parsable as floats or dates. If these strings should be plotted as numbers, cast to the appropriate data type before plotting.
2026-04-02 22:41:32,632 - matplotlib.category - INFO - Using categorical units to plot a list of strings that are all parsable as floats or dates. If these strings should be plotted as numbers, cast to the appropriate data type before plotting.
2026-04-02 22:41:32,633 - matplotlib.category - INFO - Using categorical units to plot a list of strings that are all parsable as floats or dates. If these strings should be plotted as numbers, cast to the appropriate data type before plotting.
2026-04-02 22:41:32,635 - matplotlib.category - INFO - Using categorical units to plot a list of strings that are all parsable as floats or dates. If these strings should be plotted as numbers, cast to the appropriate data type before plotting.
2026-04-02 22:41:32,637 - matplotlib.category - INFO - Using categorical units to plot a list of strings that are all parsable as floats or dates. If these strings should be plotted as numbers, cast to the appropriate data type before plotting.
2026-04-02 22:41:45,416 - matplotlib.category - INFO - Using categorical units to plot a list of strings that are all parsable as floats or dates. If these strings should be plotted as numbers, cast to the appropriate data type before plotting.
2026-04-02 22:41:45,417 - matplotlib.category - INFO - Using categorical units to plot a list of strings that are all parsable as floats or dates. If these strings should be plotted as numbers, cast to the appropriate data type before plotting.
2026-04-02 22:41:45,419 - matplotlib.category - INFO - Using categorical units to plot a list of strings that are all parsable as floats or dates. If these strings should be plotted as numbers, cast to the appropriate data type before plotting.
2026-04-02 22:41:45,420 - matplotlib.category - INFO - Using categorical units to plot a list of strings that are all parsable as floats or dates. If these strings should be plotted as numbers, cast to the appropriate data type before plotting.
2026-04-02 22:42:34,201 - matplotlib.category - INFO - Using categorical units to plot a list of strings that are all parsable as floats or dates. If these strings should be plotted as numbers, cast to the appropriate data type before plotting.
2026-04-02 22:42:34,203 - matplotlib.category - INFO - Using categorical units to plot a list of strings that are all parsable as floats or dates. If these strings should be plotted as numbers, cast to the appropriate data type before plotting.
2026-04-02 22:42:34,208 - matplotlib.category - INFO - Using categorical units to plot a list of strings that are all parsable as floats or dates. If these strings should be plotted as numbers, cast to the appropriate data type before plotting.
2026-04-02 22:42:34,209 - matplotlib.category - INFO - Using categorical units to plot a list of strings that are all parsable as floats or dates. If these strings should be plotted as numbers, cast to the appropriate data type before plotting.
2026-04-02 22:43:28,788 - matplotlib.category - INFO - Using categorical units to plot a list of strings that are all parsable as floats or dates. If these strings should be plotted as numbers, cast to the appropriate data type before plotting.
2026-04-02 22:43:28,789 - matplotlib.category - INFO - Using categorical units to plot a list of strings that are all parsable as floats or dates. If these strings should be plotted as numbers, cast to the appropriate data type before plotting.
2026-04-02 22:43:28,792 - matplotlib.category - INFO - Using categorical units to plot a list of strings that are all parsable as floats or dates. If these strings should be plotted as numbers, cast to the appropriate data type before plotting.
2026-04-02 22:43:28,794 - matplotlib.category - INFO - Using categorical units to plot a list of strings that are all parsable as floats or dates. If these strings should be plotted as numbers, cast to the appropriate data type before plotting.
2026-04-02 22:43:31,816 - matplotlib.category - INFO - Using categorical units to plot a list of strings that are all parsable as floats or dates. If these strings should be plotted as numbers, cast to the appropriate data type before plotting.
2026-04-02 22:43:31,817 - matplotlib.category - INFO - Using categorical units to plot a list of strings that are all parsable as floats or dates. If these strings should be plotted as numbers, cast to the appropriate data type before plotting.
2026-04-02 22:43:31,819 - matplotlib.category - INFO - Using categorical units to plot a list of strings that are all parsable as floats or dates. If these strings should be plotted as numbers, cast to the appropriate data type before plotting.
2026-04-02 22:43:31,819 - matplotlib.category - INFO - Using categorical units to plot a list of strings that are all parsable as floats or dates. If these strings should be plotted as numbers, cast to the appropriate data type before plotting.
2026-04-02 22:43:36,419 - matplotlib.category - INFO - Using categorical units to plot a list of strings that are all parsable as floats or dates. If these strings should be plotted as numbers, cast to the appropriate data type before plotting.
2026-04-02 22:43:36,421 - matplotlib.category - INFO - Using categorical units to plot a list of strings that are all parsable as floats or dates. If these strings should be plotted as numbers, cast to the appropriate data type before plotting.
2026-04-02 22:43:36,423 - matplotlib.category - INFO - Using categorical units to plot a list of strings that are all parsable as floats or dates. If these strings should be plotted as numbers, cast to the appropriate data type before plotting.
2026-04-02 22:43:36,423 - matplotlib.category - INFO - Using categorical units to plot a list of strings that are all parsable as floats or dates. If these strings should be plotted as numbers, cast to the appropriate data type before plotting.
2026-04-02 22:43:54,121 - matplotlib.category - INFO - Using categorical units to plot a list of strings that are all parsable as floats or dates. If these strings should be plotted as numbers, cast to the appropriate data type before plotting.
2026-04-02 22:43:54,122 - matplotlib.category - INFO - Using categorical units to plot a list of strings that are all parsable as floats or dates. If these strings should be plotted as numbers, cast to the appropriate data type before plotting.
2026-04-02 22:43:54,124 - matplotlib.category - INFO - Using categorical units to plot a list of strings that are all parsable as floats or dates. If these strings should be plotted as numbers, cast to the appropriate data type before plotting.
2026-04-02 22:43:54,124 - matplotlib.category - INFO - Using categorical units to plot a list of strings that are all parsable as floats or dates. If these strings should be plotted as numbers, cast to the appropriate data type before plotting.
2026-04-02 22:46:27,077 - __main__ - INFO - ============================================================
2026-04-02 22:46:27,078 - __main__ - INFO - Iniciando TECH SYSTEMS ERP v2.0.0
2026-04-02 22:46:27,079 - __main__ - INFO - Compañia: Tech Systems Solutions
2026-04-02 22:46:27,079 - __main__ - INFO - ============================================================
2026-04-02 22:46:27,190 - __main__ - INFO - Iniciando aplicacion ERP...
2026-04-02 22:46:27,655 - __main__ - INFO - Pantalla de login mostrada
2026-04-02 22:46:27,655 - __main__ - INFO - Aplicacion inicializada correctamente
2026-04-02 22:46:36,137 - __main__ - CRITICAL - Excepcion no manejada:
Traceback (most recent call last):
  File "c:\Users\Hugo\Desktop\ERP-Facturacion\main.py", line 928, in <module>
    main()
    ~~~~^^
  File "c:\Users\Hugo\Desktop\ERP-Facturacion\main.py", line 914, in main
    app.mainloop()
    ~~~~~~~~~~~~^^
  File "C:\Users\Hugo\AppData\Local\Programs\Python\Python314\Lib\tkinter\__init__.py", line 1613, in mainloop
    self.tk.mainloop(n)
    ~~~~~~~~~~~~~~~~^^^
  File "C:\Users\Hugo\AppData\Local\Programs\Python\Python314\Lib\tkinter\__init__.py", line 2088, in __call__
    def __call__(self, *args):
    
KeyboardInterrupt

2026-04-02 22:46:53,117 - __main__ - INFO - ============================================================
2026-04-02 22:46:53,117 - __main__ - INFO - Iniciando TECH SYSTEMS ERP v2.0.0
2026-04-02 22:46:53,118 - __main__ - INFO - Compañia: Tech Systems Solutions
2026-04-02 22:46:53,118 - __main__ - INFO - ============================================================
2026-04-02 22:46:53,316 - __main__ - INFO - Iniciando aplicacion ERP...
2026-04-02 22:46:53,770 - __main__ - INFO - Pantalla de login mostrada
2026-04-02 22:46:53,771 - __main__ - INFO - Aplicacion inicializada correctamente
2026-04-02 22:47:16,268 - __main__ - INFO - Intento de autenticacion para usuario: dasd adas r
2026-04-02 22:47:16,269 - __main__ - WARNING - Intento de autenticacion fallido para: dasd adas r
2026-04-02 22:47:18,316 - __main__ - INFO - Intento de autenticacion para usuario: dasd adas rew
2026-04-02 22:47:18,317 - __main__ - WARNING - Intento de autenticacion fallido para: dasd adas rew
2026-04-02 22:47:20,844 - __main__ - INFO - Intento de autenticacion para usuario: dasd adas rew
2026-04-02 22:47:20,846 - __main__ - WARNING - Intento de autenticacion fallido para: dasd adas rew
2026-04-02 22:47:27,988 - __main__ - INFO - Intento de autenticacion para usuario: admin
2026-04-02 22:47:28,282 - __main__ - INFO - Usuario autenticado: admin (Rol: Administrador)
2026-04-02 22:47:28,293 - __main__ - INFO - Mostrando interfaz principal
2026-04-02 22:47:28,478 - matplotlib.category - INFO - Using categorical units to plot a list of strings that are all parsable as floats or dates. If these strings should be plotted as numbers, cast to the appropriate data type before plotting.
2026-04-02 22:47:28,478 - matplotlib.category - INFO - Using categorical units to plot a list of strings that are all parsable as floats or dates. If these strings should be plotted as numbers, cast to the appropriate data type before plotting.
2026-04-02 22:47:28,482 - matplotlib.category - INFO - Using categorical units to plot a list of strings that are all parsable as floats or dates. If these strings should be plotted as numbers, cast to the appropriate data type before plotting.
2026-04-02 22:47:28,483 - matplotlib.category - INFO - Using categorical units to plot a list of strings that are all parsable as floats or dates. If these strings should be plotted as numbers, cast to the appropriate data type before plotting.
2026-04-02 22:47:37,254 - matplotlib.category - INFO - Using categorical units to plot a list of strings that are all parsable as floats or dates. If these strings should be plotted as numbers, cast to the appropriate data type before plotting.
2026-04-02 22:47:37,255 - matplotlib.category - INFO - Using categorical units to plot a list of strings that are all parsable as floats or dates. If these strings should be plotted as numbers, cast to the appropriate data type before plotting.
2026-04-02 22:47:37,258 - matplotlib.category - INFO - Using categorical units to plot a list of strings that are all parsable as floats or dates. If these strings should be plotted as numbers, cast to the appropriate data type before plotting.
2026-04-02 22:47:37,258 - matplotlib.category - INFO - Using categorical units to plot a list of strings that are all parsable as floats or dates. If these strings should be plotted as numbers, cast to the appropriate data type before plotting.
2026-04-02 22:47:41,259 - __main__ - INFO - Respaldo automatico generado al finalizar sesion: backup_erp_auto_2026-04-02_22-47-41.zip
2026-04-02 22:47:41,260 - __main__ - INFO - Usuario Administrador cerro sesion
2026-04-02 22:47:41,357 - __main__ - INFO - Pantalla de login mostrada
2026-04-02 22:48:02,901 - __main__ - INFO - Intento de autenticacion para usuario: admin
2026-04-02 22:48:03,184 - __main__ - INFO - Usuario autenticado: admin (Rol: Administrador)
2026-04-02 22:48:03,205 - __main__ - INFO - Mostrando interfaz principal
2026-04-02 22:48:03,334 - matplotlib.category - INFO - Using categorical units to plot a list of strings that are all parsable as floats or dates. If these strings should be plotted as numbers, cast to the appropriate data type before plotting.
2026-04-02 22:48:03,335 - matplotlib.category - INFO - Using categorical units to plot a list of strings that are all parsable as floats or dates. If these strings should be plotted as numbers, cast to the appropriate data type before plotting.
2026-04-02 22:48:03,337 - matplotlib.category - INFO - Using categorical units to plot a list of strings that are all parsable as floats or dates. If these strings should be plotted as numbers, cast to the appropriate data type before plotting.
2026-04-02 22:48:03,338 - matplotlib.category - INFO - Using categorical units to plot a list of strings that are all parsable as floats or dates. If these strings should be plotted as numbers, cast to the appropriate data type before plotting.
2026-04-02 22:51:51,081 - __main__ - INFO - Respaldo automatico generado al finalizar sesion: backup_erp_auto_2026-04-02_22-51-50.zip
2026-04-02 22:51:51,081 - __main__ - INFO - Usuario Administrador cerro sesion
2026-04-02 22:51:51,180 - __main__ - INFO - Pantalla de login mostrada
2026-04-02 22:54:10,801 - __main__ - INFO - Aplicacion cerrada por el usuario
